title,author,isbn,edition,publisher,school_class,subject,section,notes,Unnamed: 9
"Arbeitsheft Mathematik 6, Ausgabe ab 2020, Arbeitsheft mit LÃ¶sungsheft | Klasse 6",,978-3-12-746812-0Â Â ,2023,Klett Verlag,S1DE,Mathematik,DE,,
Deutschzeit - Baden-WÃ¼rttemberg: Band 2: 6. Schuljahr - SchÃ¼lerbuch,,978-3060631780,2023,Cornelsen,S1DE,Deutsch L1,DE,,
Deutschzeit - Baden-WÃ¼rttemberg: Band 2: 6. Schuljahr â€“ Arbeitsheft  ,,978-3060631902,2023,Cornelsen,S1DE,Deutsch L1,DE,,
Das Kursbuch wird von der Schule zur VerfÃ¼gung gestellt,,,2023,,S1DE,Integrated Sciences,DE,,
"Geschichte und Geschehen 5/6, Baden-WÃ¼rttemberg",,978-3-12-443210-0,2023,Klett,S1DE,Humanscience,DE,,
TERRA Geographie fÃ¼r Baden-WÃ¼rttemberg 5/6,,978-3-12-105221-9,2023,Klett,S1DE,Humanscience,DE,,
wird von der Lehrerin bekannt gegeben,,,2023,,S1DE,Religion katholisch,DE,,
will be communicated by the teacher in first lesson.,,,2023,,S1DE,Religion protestant,DE,,
wird von der Lehrerin bekannt gegeben,,,2023,,S1DE,Ethik,DE,,
Allgemeine Musiklehre anschaulich erklÃ¤rt,Carol Vorderman,978-3831031672,2023,Dorling Kindersley,S1DE,Musik,DE,,
"â£Aulos 303A ""Elite"" Sopran-BlockflÃ¶te â€“ Musikhaus Thomann",Musikhaus Thomann,Artikel-Nr. 133946,2023,"AULOS 303A ""Elite""",S1DE,Music,DE,,
The Worst Witch,Jill Murphy,978-0141349596,2023,Puffin,S1DE,English L2 ,DE,,
English File 4th Edition PreIntermediate Student Book,Latham-Koenig,978-0-19-403741-9,2023,Oxford University Press,S1DE,English L2 ,DE,,
English File 4th Edition PreIntermediate Workbook,Latham-Koenig,978-0-19-403768-6,2023,Oxford University Press,S1DE,English L2 ,DE,,
Ã€ LA UNE 2 MÃ©thode de franÃ§ais pour adolescent,Brandel - Jade - PellÃ© - QuÃ©tel,978-3125-297289,2023,Maison des Langues,S1DE,FranÃ§ais L2,DE,,
Ã€ LA UNE 2 Cahier d'exercices,Barbera - Escudero,978-3125-297821,2023,Maison des Langues,S1DE,FranÃ§ais L2,DE,,
prima plus A2 DAZ fÃ¼r Jugendliche SchÃ¼lerbuch,,978-3065208963,2023,Cornelsen,S1DE,Deutsch L2,DE,,
prima plus A2 DAZ fÃ¼r Jugendliche Arbeitsbuch,,978-3065208987,2023,Cornelsen,S1DE,Deutsch L2,DE,,
Grammatik aktiv A1 - B1,,978-3-06-023972-6,2023,Cornelsen,S1DE,Deutsch L2,DE,,
English File 4th Edition ElementaryÂ with Online PracticeÂ (A1-A2) Student's Book,Latham-Koenig,978-0194031592,2023,Oxford University Press English Learning and Teaching,S1DE,English L3,DE,,
Nuevo Companeros 1 - Kursbuch,, 978-8417730451,2023,SGEL ,S1DE,EspaÃ±ol L3,DE,,
SÃ©same 1 Â· Livre De L'Ã‰lÃ¨ve ,"H. Denisot, M. Capouet",978-2017112761,2023,Hachette FLE,S1DE,FranÃ§ais L3 ,DE,,
SÃ©same 1 Â· Cahier D'ActivitÃ©s,"H. Denisot, M. Capouet",978-2017112778,2023,Hachette FLE,S1DE,FranÃ§ais L3 ,DE,,
Grammatik aktiv A1 - B1,,978-3-06-023972-6,2023,Cornelsen,S1DE,Deutsch L3,DE,,
Parole che contano A â€“ Fonologia Morfologia Ortografia,F. Musso,978 8880424505,2023,Lattes,S1DE,Italiano L1,DE,,
Il rifugio segreto 1. Accoglienza e abilitÃ  di base,P. Assandri/E. Mutti,978 8808123039,2023,Zanichelli,S1DE,Italiano L1,DE,,
Il rifugio segreto. Leggere i classici,P. Assandri/E. Mutti,978 8808123152,2023,Zanichelli,S1DE,Italiano L1,DE,,
Lengua castellana (6Â° de primaria),,978-8429488999,2023,Santillana,S1DE,EspaÃ±ol L1,DE,,
Resources to be provided by the teacher,,,2023,,S1EN,Maths,EN,,
Students must have a non-graphing and non-programmable scientific calculator,,,2023,,S1EN,Maths,EN,,
Goggle Eyes,Anne Fine,978-0241321676,2023,Puffin,S1EN,English L1,EN,,
Oxford Playscripts The Canterbury Tales ,"G. Chaucer, M. Riley",978-0198320639,2023,OUP Oxford,S1EN,English L1,EN,,
Carrie's War,Nina Bawden,978-0349009162,2023,Virago Modern Classic,S1EN,English L1,EN,,
Book provided by school,,,2023,,S1EN,Integrated Science,EN,,
Students will be informed of the text book,,978-0861672851    ,2023,,S1EN,Human Science,EN,,
Help Your Kids with Music: A Unique Step-by-Step Visual Guide,Carol Vorderman,978-0241186121,2023,Dorling Kindersley,S1EN,Music,EN,,
"â£Aulos 303A ""Elite"" Sopran-BlockflÃ¶te â€“ Musikhaus Thomann",Musikhaus Thomann,Artikel-Nr. 133946,2023,"AULOS 303A ""Elite""",S1EN,Music,EN,,
No book required,,,2023,,S1EN,ICT,EN,,
wird von der Lehrerin bekannt gegeben,,,2023,,S1EN,Religion katholisch,EN,,
will be communicated by the teacher in first lesson.,,,2023,,S1EN,Religion protestant,EN,,
will be communicated by the teacher in first lesson.,,,2023,,S1EN,Ethics,EN,,
Prima plus - Leben in Deutschland Â· DaZ fÃ¼r Jugendliche A2 - SchÃ¼lerbuch,,978-3-06-520896-3,2023,Cornelsen,S1EN,Deutsch L2,EN,,
Prima plus - Leben in Deutschland Â· DaZ fÃ¼r Jugendliche A2 - Arbeitsbuch,,978-3-06-520898-7,2023,Cornelsen,S1EN,Deutsch L2,EN,,
Grammatik aktiv A1 - B1,,978-3065208963,2023,Cornelsen,S1EN,Deutsch L2,EN,,
Ã€ LA UNE 2 MÃ©thode de franÃ§ais pour adolescent,Brandel - Jade - PellÃ© - QuÃ©tel,978-3125-297289,2023, Maison des Langues,S1EN,FranÃ§ais L2,EN,,
Ã€ LA UNE 2 Cahier d'exercices,Barbera - Escudero,978-3125-297821,2023,Maison des Langues,S1EN,FranÃ§ais L2,EN,,
The Worst Witch,Jill Murphy,978-0141349596,2023,Puffin,S1EN,English L2 ,EN,,
English File 4th Edition PreIntermediate Student Book,Latham-Koenig,978-0-19-403741-9,2023,Oxford University Press,S1EN,English L2 ,EN,,
English File 4th Edition PreIntermediate Workbook,Latham-Koenig,978-0-19-403768-6,2023,Oxford University Press,S1EN,English L2 ,EN,,
Grammatik aktiv A1 - B1,,978-3-06-023972-6,2023,Cornelsen,S1EN,Deutsch L3,EN,,
book will be communicated,,,2023,,S1EN,Deutsch L3,EN,,
SÃ©same 1 Â· Livre De L'Ã‰lÃ¨ve ,"H. Denisot, M. Capouet",978-2017112761,2023,Hachette FLE,S1EN,FranÃ§ais L3,EN,,
SÃ©same 1 Â· Cahier D'ActivitÃ©s,"H. Denisot, M. Capouet",978-2017112778,2023,Hachette FLE,S1EN,FranÃ§ais L3,EN,,
NUEVO  CompaÃ±eros 1 - Kursbuch,,978-8417730451,2023,SGEL,S1EN,EspaÃ±ol L3,EN,,
A rigor di logica,Rosetta Zordan,"9,78889E+12",2023,Fabbri editore,S1EN,Italiano L1,EN,,
Il potere delle storie  (volume 1 + Mito ed epica),"Marseglia, Monaldi","9,78881E+12",2023,Zanichelli,S1EN,Italiano L1,EN,,
Il rifugio segreto. Leggere i classici,P. Assandri/E. Mutti,"9,79E+12",2023,Zanichelli,S1EN,Italiano L1,EN,,
Lengua castellana (6Â° de primaria),,978-8429488999,2023,Santillana,S1EN,EspaÃ±ol L1,EN,,
Fleurs d'encre 6e,Bertagna / Carrier,978-2013953108,2023,,S1FR,FranÃ§ais L1,FR,,
Pas de livre,,,2023,,S1FR,MathÃ©matiques,FR,,
Les Ã©lÃ¨ves doivent disposer dâ€™une calculatrice scientifique ni graphique ni programmable,,,2023,,S1FR,MathÃ©matiques,FR,,
ModÃ¨le recommandÃ©: Calculatrice Scientifique TI CollÃ¨ge Plus,,,2023,,S1FR,MathÃ©matiques,FR,,
voir avec le professeur en charge de la classe Ã  la rentrÃ©e,,,2023,,S1FR,Sciences humaines,FR,,
Livre fourni Ã  la rentrÃ©e par la professeure,,,2023,,S1FR,Sciences intÃ©grÃ©es,FR,,
Help Your Kids with Music: A Unique Step-by-Step Visual Guide,Carol Vorderman,978-0241186121,2023,Dorling Kindersley,S1FR,Musique (en anglais),FR,,
Allgemeine Musiklehre anschaulich erklÃ¤rt,Carol Vorderman,978-3831031672,2023,Dorling Kindersley,S1FR,Musique (en allemand),FR,,
"â£Aulos 303A ""Elite"" Sopran-BlockflÃ¶te â€“ Musikhaus Thomann",Musikhaus Thomann,Artikel-Nr. 133946,2023,"AULOS 303A ""Elite""",S1FR,Musique,FR,,
wird von der Lehrerin bekannt gegeben,,,2023,,S1FR,Religion katholisch,FR,,
will be communicated by the teacher in first lesson.,,,2023,,S1FR,Religion protestant,FR,,
sera communiquÃ© en dÃ©but dÂ´annÃ©e par le professeur.,,,2023,,S1FR,Morale,FR,,
Prima plus - Leben in Deutschland Â· DaZ fÃ¼r Jugendliche A2 - SchÃ¼lerbuch,,978-3-06-520896-3,2023,Cornelsen,S1FR,Deutsch L2,FR,,
Prima plus - Leben in Deutschland Â· DaZ fÃ¼r Jugendliche A2 - Arbeitsbuch,,978-3-06-520898-7,2023,Cornelsen,S1FR,Deutsch L2,FR,,
Grammatik aktiv - A1 - B1,,978-3-06-023972-6,2023,Cornelsen,S1FR,Deutsch L2,FR,,
English File 4th Edition PreIntermediate Student Book,Latham-Koenig,978-0-19-403741-9,2023,Oxford University Press,S1FR,Deutsch L2,FR,,
English File 4th Edition PreIntermediate Workbook,Latham-Koenig,978-0-19-403768-6,2023,Oxford University Press,S1FR,Deutsch L2,FR,,
The Worst Witch,Jill Murphy,978-0141349596,2023,Puffin,S1FR,English L2,FR,,
English File 4th Edition PreIntermediate Student Book,Latham-Koenig,978-0-19-403741-9,2023,Oxford University Press,S1FR,English L2 ,FR,,
English File 4th Edition PreIntermediate Workbook,Latham-Koenig,978-0-19-403768-6,2023,Oxford University Press,S1FR,English L2 ,FR,,
livre et cahier d'exercice: communiquÃ©s Ã  la rentrÃ©e par la professeure,,,2023,,S1FR,Deutsch L3,FR,,
Grammatik aktiv - A1 - B1,,978-3-06-023972-6,2023,Cornelsen,S1FR,Deutsch L3,FR,,
English File 4th Edition ElementaryÂ with Online PracticeÂ (A1-A2) Student's Book,Latham-Koenig,978-0194031592,2023,Oxford University Press English Learning and Teaching,S1FR,English L3,FR,,
NUEVO CompaÃ±eros 1 - Kursbuch,,978-84-17730-45-1,2023,SGEL,S1FR,EspaÃ±ol L3,FR,,
Deutschzeit - Baden-WÃ¼rttemberg: Band 3: 7. Schuljahr - SchÃ¼lerbuch,,978-3-06-063179-7,2023,Cornelsen,S2DE,Deutsch L1,DE,,
Deutschzeit - Baden-WÃ¼rttemberg: Band 3: 7. Schuljahr â€“ Arbeitsheft ,,978-3060631902,2023,Cornelsen,S2DE,Deutsch L1,DE,,
"Lambacher Schweizer, Mathematik 6 (schon vorhanden aus Klasse S1)",,,2023,Ernst Klett Verlag,S2DE,Mathematik,DE,,
wird vom Lehrer bekannt gegeben,,,2023,,S2DE,Mathematik,DE,,
Die SchÃ¼ler benÃ¶tigen einen nicht grafischen und nicht programmierbaren wissenschaftlichen Taschenrechner. ,,,2023,,S2DE,Mathematik,DE,,
Das Kursbuch wird von der Schule zur VerfÃ¼gung gestellt,,,2023,,S2DE,Integrated Sciences,DE,,
Allgemeine Musiklehre anschaulich erklÃ¤rt,Carol Vorderman,978-3831031672,2023,Dorling Kindersley,S2DE,Musik,DE,,
"â£Aulos 303A ""Elite"" Sopran-BlockflÃ¶te â€“ Musikhaus Thomann",Musikhaus Thomann,Artikel-Nr. 133946,2023,"AULOS 303A ""Elite""",S2DE,Musik,DE,,
wird von der Lehrerin bekannt gegeben,,,2023,,S2DE,Religion katholisch,DE,,
will be communicated by the teacher in first lesson.,,,2023,,S2DE,Religion protestant,DE,,
wird von der Lehrerin bekannt gegeben,,,2023,,S2DE,Ethik,DE,,
Terra 5/6 wird fortgefÃ¼hrt,,978-3-12-104603-4,2023,Klett,S2DE,Humanscience,DE,,
"Geschichte und Geschehen 5/6, Baden-WÃ¼rttemberg, wird fortgefÃ¼hrt",,978-3-12-443210-0,2023,Klett,S2DE,Humanscience,DE,,
English File: Pre-Intermediate. Student's Book with Online Practice - students already have book,Latham-Koenig,978-0194037419,2023,OUP English Learning and Teaching,S2DE,English L2Â ,DE,,
Aspekte Junior B1+ (Kursbuch),,978-3-12-605250-4,2023,Klett,S2DE,Deutsch L2,DE,,
Aspekte Junior B1+ (Ãœbungsbuch),,978-3-12-605251-1,2023,Klett,S2DE,Deutsch L2,DE,,
Gramatik aktiv A1 - B1 (WeiterfÃ¼hrung),,978-3-06-023972-6,2023,Cornelsen,S2DE,Deutsch L2,DE,,
Cours intensif 3 (B1):  Cahier d'activitÃ©s (Ãœbungsbuch),,978-3-12-563029-1Â ,2023,Klett,S2DE,FranÃ§ais L2,DE,,
Carrie's War,Nina Bawden,978-0349009162,2023,Virago Modern Classic,S2DE,English L2 ,DE,,
,,,2023,,S2DE,,DE,,
Cool ,Michael Morpurgo,978-0-00-713104-4,2023,Harper Collins,S2DE,English L3,DE,,
English File 4th Edition ElementaryÂ with Online PracticeÂ (A1-A2) Student's Book,Latham-Koenig,978-0194031592,2023,Oxford University Press English Learning and Teaching,S2DE,English L3,DE,,
"Affresco italiano. Corso di lingua di italiano per stranieri, A2 (volume)",-	M. Trifone â€“ A. Filippone â€“ A. Sgaglione,978-8800203326,2023,Mondadori Education Le monnier ,S2DE,Italiano L3,DE,,
Nuevo CompaÃ±eros 1 - Kursbuch,,978-84-17730-45-1,2023,SGEL,S2DE,EspaÃ±ol L3,DE,,
Gramatik aktiv A1 - B1 (WeiterfÃ¼hrung),,978-3-06-023972-6,2023,Cornelsen,S2DE,Deutsch L3,DE,,
A la une 1 A1 livre de l'Ã©lÃ¨ve,,978-8417260866,2023,Maison des langues,S2DE,FranÃ§ais L3,DE,,
A la une 1 A1 cahier d'exercices,,978-8417260873,2023,Maison des langues,S2DE,FranÃ§ais L3,DE,,
A rigor di logica,Rosetta Zordan,978-8891545695,2023,Fabbri Editori,S2DE,Italiano L1 (NON FORMATA),DE,,
Il rifugio segreto 2. Riflessione e coscienza di sÃ©,P. Assandri/E. Mutti,978-8808123077,2023,Zanichelli,S2DE,Italiano L1 (NON FORMATA),DE,,
Il rifugio segreto. Leggere i classici,P. Assandri/E. Mutti,978-8808123152,2023,Zanichelli,S2DE,Italiano L1(NON FORMATA),DE,,
Lengua y Literatura 1Â°ESO,,978-8468015774,2023,Santillana,S2DE,EspaÃ±ol L1,DE,,
prima.kompakt Textband,"Clemens Utz, Andrea Kammerer (Hg.)",978-3-661-41500-0,2023,C. C. Buchner,S2DE,Latein,DE,,
Touchstones: A Teaching Anthology of Poetry (students already have book),Michael and Peter Benton,978-1-5104-7648-6,2023,Hodder Education,S2EN,English L1,EN,,
to be communicated,,,2023,,S2EN,English L1,EN,,
Resources to be provided by the teacher,,,2023,,S2EN,Maths,EN,,
Students must have a non-graphing and non-programmable scientific calculator,,,2023,,S2EN,Maths,EN,,
Book provided by school,,,2023,,S2EN,Integrated Science,EN,,
New Key Geography Connections Pupils Book by David Waugh,,978-0748797028,2023,,S2EN,Humanscience,EN,,
Help Your Kids with Music: A Unique Step-by-Step Visual Guide,Carol Vorderman,978-0241186121,2023,Dorling Kindersley,S2EN,Music,EN,,
"â£Aulos 303A ""Elite"" Sopran-BlockflÃ¶te â€“ Musikhaus Thomann",Musikhaus Thomann,Artikel-Nr. 133946,2023,"AULOS 303A ""Elite""",S2EN,Music,EN,,
wird von der Lehrerin bekannt gegeben,,,2023,,S2EN,Religion katholisch,EN,,
will be communicated by the teacher in first lesson.,,,2023,,S2EN,Religion protestant,EN,,
will be communicated by the teacher in first lesson.,,,2023,,S2EN,Ethics,EN,,
Aspekte Junior (B1+) Kursbuch,,978-3-12-605250-4,2023,Klett,S2EN,Deutsch L2,EN,,
Aspekte Junior (B1+) Ãœbungsbuch,,978-3-12-605251-1,2023,Klett,S2EN,Deutsch L2,EN,,
Gramatik aktiv A1 - B1 (WeiterfÃ¼hrung),,978-3-06-023972-6,2023,Cornelsen,S2EN,Deutsch L2,EN,,
Cours intensif 3 (B1):  Cahier d'activitÃ©s (Ãœbungsbuch),,978-3-12-563029-1Â ,2023,Klett,S2EN,FranÃ§ais L2,EN,,
English File: Pre-Intermediate. Student's Book with Online Practice - students already have book,Latham-Koenig,978-0194037419,2023,OUP English Learning and Teaching,S2EN,English L2Â ,EN,,
Carrie's War,Nina Bawden,978-0349009162,2023,Virago Modern Classic,S2EN,English L2 ,EN,,
Gramatik aktiv A1 - B1 (WeiterfÃ¼hrung),,978-3-06-023972-6,2023,Cornelsen,S2EN,Deutsch L3,EN,,
"Affresco italiano. Corso di lingua di italiano per stranieri, A2 (volume)",-	M. Trifone â€“ A. Filippone â€“ A. Sgaglione,978-8800203326,2023,Mondadori Education Le monnier ,S2EN,Italiano L3,EN,,
A la une 1 A1 livre de l'Ã©lÃ¨ve,,978-8417260866,2023,Maison des langues,S2EN,FranÃ§ais L3,EN,,
A la une 1 A1 cahier d'exercices,,978-8417260873,2023,Maisoon des langues,S2EN,FranÃ§ais L3,EN,,
Nuevo CompaÃ±eros 1 - Kursbuch,,978-84-17730-45-1,2023,SGEL,S2EN,EspaÃ±ol L3,EN,,
English File 4th Edition ElementaryÂ with Online PracticeÂ (A1-A2) Student's Book,Latham-Koenig,978-0194031592,2023,Oxford University Press English Learning and Teaching,S2EN,English L3,EN,,
Parole che contano B â€“ Sintassi e comunicazione,F. Musso,978-8880424437,2023,Lattes,S2EN,Italiano L1 (NON FORMATA),EN,,
Il rifugio segreto 2. Riflessione e coscienza di sÃ©,P. Assandri/E. Mutti,978-8808123077,2023,Zanichelli,S2EN,Italiano L1 (NON FORMATA),EN,,
Il rifugio segreto. Leggere i classici,P. Assandri/E. Mutti,978-8808123152,2023,Zanichelli,S2EN,Italiano L1 (NON FORMATA),EN,,
Lengua y Literatura 1Â°ESO,,978-8468015774,2023,Santillana,S2EN,EspaÃ±ol L1,EN,,
prima.kompakt Textband,"Clemens Utz, Andrea Kammerer (Hg.)",978-3-661-41500-0,2023,C. C. Buchner,S2EN,Latein,EN,,
Pas de livre,,,2023,,S2FR,MathÃ©matiques,FR,,
Les Ã©lÃ¨ves doivent disposer dâ€™une calculatrice scientifique ni graphique ni programmable,,,2023,,S2FR,MathÃ©matiques,FR,,
ModÃ¨le recommandÃ©: Calculatrice Scientifique TI CollÃ¨ge Plus,,,2023,,S2FR,MathÃ©matiques,FR,,
Fleurs d'encre 5e: manuel de FranÃ§ais,Bertagna,978-2013953115,2023,Hachette,S2FR,FranÃ§ais L1,FR,,
La grammaire par les exercices \, 5e \, cahier de l'Ã©lÃ¨ve,JoÃ«lle Paul,978-2047338223,2023,Bordas,S2FR,FranÃ§ais L1,FR
Un hivernage dans les glaces ,Jules Verne,978-2210770805 ,2023,Magnard,S2FR,FranÃ§ais L1,FR,,
voir avec le professeur en charge de la classe Ã  la rentrÃ©e,,,2023,,S2FR,Sciences humaines,FR,,
Livre fourni Ã  la rentrÃ©e par le professeur,,,2023,,S2FR,Sciences intÃ©grÃ©es,FR,,
Dixit 5e,"LaimÃ©-Couturier, Naulin",978-2095020514,2023,,S2FR,Latin,FR,,
Help Your Kids with Music: A Unique Step-by-Step Visual Guide,Carol Vorderman,978-0241186121,2023,Dorling Kindersley,S2FR,Musique (en anglais),FR,,
Allgemeine Musiklehre anschaulich erklÃ¤rt,Carol Vorderman,978-3831031672,2023,Dorling Kindersley,S2FR,Musique (en allemand),FR,,
"â£Aulos 303A ""Elite"" Sopran-BlockflÃ¶te â€“ Musikhaus Thomann",Musikhaus Thomann,Artikel-Nr. 133946,2023,"AULOS 303A ""Elite""",S2FR,Musique,FR,,
wird von der Lehrerin bekannt gegeben,,,2023,,S2FR,Religion katholisch,FR,,
will be communicated by the teacher in first lesson.,,,2023,,S2FR,Religion protestant,FR,,
sera communiquÃ© par le professeur en dÃ©but dÂ´annÃ©e.,,,2023,,S2FR,Morale,FR,,
Aspekte Junior (B1+) Kursbuch,,978-3-12-605250-4,2023,Klett,S2FR,Deutsch L2,FR,,
Aspekte Junior (B1+) Ãœbungsbuch,,978-3-12-605251-1,2023,Klett,S2FR,Deutsch L2,FR,,
Gramatik aktiv A1 - B1 (WeiterfÃ¼hrung),,978-3-06-023972-6,2023,Cornelsen,S2FR,Deutsch L2,FR,,
English File: Pre-Intermediate. Student's Book with Online Practice - students already have book,Latham-Koenig,978-0194037419,2023,,S2FR,English L2,FR,,
Carrie's War,Nina Bawden,978-0349009162,2023,Virago Modern Classic,S2FR,English L2,FR,,
Gramatik aktiv A1 - B1 (WeiterfÃ¼hrung),,978-3-06-023972-6,2023,Cornelsen,S2FR,Deutsch L3,FR,,
Cool ,Michael Morpurgo,978-0-00-713104-4,2023,Harper Collins,S2FR,English L3,FR,,
English File 4th Edition ElementaryÂ with Online PracticeÂ (A1-A2) Student's Book,Latham-Koenig,978-0194031592,2023,Oxford University Press English Learning and Teaching,S2FR,English L3,FR,,
Nuevo CompaÃ±eros 1 - Kursbuch,,978-84-17730-45-1,2023,SGEL,S2FR,Spanisch L3,FR,,
A Rigor di logica,Rosetta Zordan,978-8880424437,2023,,S2FR,Italiano L1 (NON FORMATA),FR,,
Il rifugio segreto 2. Riflessione e coscienza di sÃ©,P. Assandri/E. Mutti,978-8808123077,2023,,S2FR,Italiano L1 (NON FORMATA),FR,,
Il rifugio segreto. Leggere i classici,P. Assandri/E. Mutti,978-8808123152,2023,,S2FR,Italiano L1 (NON FORMATA),FR,,
"Affresco italiano. Corso di lingua di italiano per stranieri, A2 (volume)",M. Trifone â€“ A. Filippone â€“ A. Sgaglione,978-8800203326,2023,,S2FR,Italiano L3,FR,,
Lengua y Literatura 1Â°ESO,,978-8468015774,2023,Santillana,S2FR,Spanisch L1,FR,,
"Lambacher Schweizer, Mathematik 6, Ausgabe Rheinlandpfalz ab 2012 (schon vorhanden aus Klasse S2)",,978-3-12-733661-0,2023,Ernst Klett Verlag,S3DE,Mathematik,DE,,
"Lambacher Schweizer, Mathematik 7, Ausgabe Baden-WÃ¼rttemberg ab 2014  (schon vorhanden aus Klasse S2)",,978-3-12-733371-8,2023,Ernst Klett Verlag,S3DE,Mathematik,DE,,
Die SchÃ¼ler benÃ¶tigen einen nicht grafischen und nicht programmierbaren wissenschaftlichen Taschenrechner. ,,,2023,,S3DE,Mathematik,DE,,
"Deutschzeit 4, Lese- und Sprachbuch",,978-3-06-063180-3,2023,Cornelsen Verlag,S3DE,Deutsch L1,DE,,
"Deutschzeit 4, Arbeitsheft",,978-3-06-063192-6,2023,Cornelsen Verlag,S3DE,Deutsch L1,DE,,
Das Kursbuch wird von der Schule zur VerfÃ¼gung gestellt,,,2023,,S3DE,Integrated Sciences,DE,,
Pas de livre,,,2023,,S3DE,Sciences humaines (en franÃ§ais),DE,,
kein Buch,,,2023,,S3DE,Humanwissenschaften (in Deutsch),DE, ,
Allgemeine Musiklehre anschaulich erklÃ¤rt,Carol Vorderman,978-3831031672,2023,Dorling Kindersley,S3DE,Musik,DE, ,
wird von der Lehrerin bekannt gegeben,,,2023,,S3DE,Religion katholisch,DE, ,
will be communicated by the teacher in first lesson.,,,2023,,S3DE,Religion protestant,DE,,
wird von der Lehrerin bekannt gegeben,,,2023,,S3DE,Ethik,DE,,
Bridge toÂ TerabithiaÂ Paperback - 2nd hand ok,Katherine Paterson,978-0141359786,2023,A Puffin Book,S3DE,English L2,DE,,
English File Intermediate (B1),Latham-Koenig,9780194035910Â ,2023,OUP English Learning and Teaching,S3DE,English L2,DE,,
Aspekte Junior (B1+) Kursbuch (WeiterfÃ¼hrung),,978-3-12-605250-4,2023,Klett,S3DE,Deutsch L2 ,DE,,
Aspekte Junior (B1+) Ãœbungsbuch (WeiterfÃ¼hrung),,978-3-12-605251-1,2023,Klett,S3DE,Deutsch L2 ,DE,,
Gramatik aktiv A1 - B1 (WeiterfÃ¼hrung),,978-3-06-023972-6,2023,Cornelsen,S3DE,Deutsch L2 ,DE,,
"A la Une - 4, niveau B1 (livre de lÂ´Ã©lÃ¨ve)","C.Barbera,K.Brandel,M.PellÃ©",978-8417260951,2023,Maison des langues,S3DE,FranÃ§ais L2,DE,,
"A la Une - 4, niveau B1  (cahier dÂ´exercices)","C.Barbera,A.Mila et alii",978-841726096X,2023,Maison des langues,S3DE,FranÃ§ais L2,DE,,
NUEVO CompaÃ±eros 2 - Kursbuch,,978-84-17730-48-2,2023,SGEL,S3DE,EspaÃ±ol L3,DE,,
"Affresco italiano. Corso di lingua di italiano per stranieri, A2 (volume)",M. Trifone â€“ A. Filippone â€“ A. Sgaglione,978-8800203326,2023,Mondadori Education Le monnier,S3DE,Italiano L3 (NON FORMATA),DE,,
Gramatik aktiv A1 - B1 (WeiterfÃ¼hrung),,978-3-06-023972-6,2023,Cornelsen,S3DE,Deutsch L3,DE,,
A la Une  - 2 (livre de lÂ´Ã©lÃ¨ve),"C.Barbera,K.Brandel,M.PellÃ©",978-84-17260897,2023,Maison des langues,S3DE,FranÃ§ais L3,DE,,
A la Une -  2 (cahier dÂ´exercices),"C.Barbera,K.Brandel,M.PellÃ©",8417260900,2023,Maison des langues,S3DE,FranÃ§ais L3,DE,,
English File 4th Edition Pre-Intermediate Students Book FOURTH EDITION,,978-0-19-403741-9,2023,Latham-Koenig,S3DE,English L3,DE,,
English FIle 4th Edition Pre-Intermediate Workbook FOURTH EDITION,,978-0-19-403768-6,2023,Latham-Koenig,S3DE,English L3,DE,,
Holes ,Louis Sacher,978-1408865231,2023,Bloomsbury,S3DE,English L3,DE,,
Parole che contano B â€“ Sintassi e comunicazione,F. Musso,978-88-8042-443-7,2023,Lattes,S3DE,Italiano L1,DE,,
Il rifugio segreto 2. Riflessione e coscienza di sÃ©,P. Assandri/E. Mutti,978-8808123077,2023,Zanichelli,S3DE,Italiano L1,DE,,
Il rifugio segreto. Leggere i classici,P. Assandri/E. Mutti,978-8808123152,2023,Zanichelli,S3DE,Italiano L1,DE,,
Lengua y Literatura 2Â°ESO,,978-8468040073,2023,Santillana,S3DE,EspaÃ±ol L1,DE,,
Wir arbeiten mit dem Buch aus S2 weiter: prima.kompakt Textband,"Clemens Utz, Andrea Kammerer (Hg.)",978-3-661-41500-0,2023,C. C. Buchner,S3DE,Latein,DE,,
Key Stage Three Mathematics Higher Level Complete Revision & Practice, ,978 1 84146 383 4,2023,CGP,S3EN,Maths,EN,,
Students must have a non-graphing and non-programmable scientific calculator,,,2023,,S3EN,Maths,EN,,
The Crucible,Arthur Miller,978-014118255,2023,Penguin Modern Classics,S3EN,English L1,EN,,
A Christmas Carol,Charles Dickens,978-1407143644,2023,Scholastic or other edition,S3EN,English L1,EN,,
Trash,Andy Mulligan,978-1909531130,2023,Definitions,S3EN,English L1,EN,,
Starost: Nelson Key Geography Interactions                          ,David Waugh & Tony Bushell,978-1408523186,2023,Oxford Uni Press,S3EN,Human Science in English,EN,,
Book provided by school,,,2023,,S3EN,Integrated Science ,EN,,
Help Your Kids with Music: A Unique Step-by-Step Visual Guide,Carol Vorderman,978-0241186121,2023,Dorling Kindersley,S3EN,Music,EN,,
"â£Aulos 303A ""Elite"" Sopran-BlockflÃ¶te â€“ Musikhaus Thomann",Musikhaus Thomann,Artikel-Nr. 133946,2023,"AULOS 303A ""Elite""",S3EN,Music,EN,,
wird von der Lehrerin bekannt gegeben,,,2023,,S3EN,Religion katholisch,EN,,
will be communicated by the teacher in first lesson.,,,2023,,S3EN,Religion protestant,EN,,
will be communicated by the teacher in first lesson.,,,2023,,S3EN,Ethics,EN,,
Aspekte Junior B1+ Kursbuch (weiterfÃ¼hrung),,978-3-12-605250-4,2023,Klett,S3EN,Deutsch L2 ,EN,,
Aspekte Junior B1+ Ãœbungsbuch (weiterfÃ¼hrung),,978-3-12-605251-1,2023,Klett,S3EN,Deutsch L2 ,EN,,
Gramatik aktiv A1 - B1 (WeiterfÃ¼hrung),,978-3-06-023972-6,2023,Cornelsen,S3EN,Deutsch L2 ,EN,,
A la Une - 4 (livre de lÂ´Ã©lÃ¨ve),,978-8417260951,2023,Maison des langues,S3EN,FranÃ§ais L2,EN,,
A la Une - 4 (cahier dÂ´exercices),,978-841726096X,2023,Maison des langues,S3EN,FranÃ§ais L2,EN,,
Bridge toÂ TerabithiaÂ Paperback,Katherine Paterson,978-0141359786,2023,A Puffin Book,S3EN,English L2,EN,,
English File Intermediate (B1),Latham-Koenig,9780194035910Â ,2023,OUP English Learning and Teaching,S3EN,English L2,EN,,
Gramatik aktiv A1 - B1 (WeiterfÃ¼hrung),,978-3-06-023972-6,2023,Cornelsen,S3EN,Deutsch L3,EN,,
A la Une  2,,978-84-17260897,2023,Maison des langues,S3EN,FranÃ§ais L3,EN,,
Nuevo CompaÃ±eros 2 - Kursbuch,,978-84-17730-48-2,2023,SGEL,S3EN,EspaÃ±ol L3,EN,,
English File 4th Edition Pre-Intermediate Students Book FOURTH EDITION,Latham-Koenig,978-0-19-403741-9,2023,Oxford,S3EN,English L3,EN,,
English FIle 4th Edition Pre-Intermediate Workbook FOURTH EDITION,Latham-Koenig,978-0-19-403768-6,2023,Oxford,S3EN,English L3,EN,,
"Affresco italiano. Corso di lingua di italiano per stranieri, A2(volume)",,978-8800203326,2023,Mondadori Education Le monnier,S3EN,Italiano L3 (NON FORMATA),EN,,
Parole che contano B â€“ Sintassi e comunicazione,f. Musso ,978-88-8042-443-7,2023,Lattes,S3EN,Italiano L1,EN,,
Il rifugio segreto 2. Riflessione e coscienza di sÃ©,Assandri/Mutti,978-8808123077,2023,Zanichelli,S3EN,Italiano L1,EN,,
Il rifugio segreto. Leggere i classici,Assandri/Mutti,978-8808123152,2023,Zanichelli,S3EN,Italiano L1,EN,,
Lengua y Literatura 2Â°ESO,,978-8468040073,2023,Santillana,S3EN,EspaÃ±ol L1,EN,,
Tynd is roman af Mikael EngtrÃ¶m ,,ISBN 9788779161382,2023,,S3EN,Dansk L1 (Danish),EN,,
"SÃ¥dansk 8, Marianne Brandt Jensen, Udgivet 2005, Udgave: 3, ISBN 9788723021175 2004, Udgave: 1 97887020894172010, Udgave: 2",,,2023,,S3EN,Dansk L1 (Danish),EN,,
" Ny diktat for alle, 7. klasse- B, trin 2 af Inger Harrit & Sonja Overby,",,ISBN13: 9788702004007,2023,,S3EN,Dansk L1 (Danish),EN,,
Wir arbeiten mit dem Buch aus S2 weiter: prima.kompakt Textband,"Clemens Utz, Andrea Kammerer (Hg.)",978-3-661-41500-0,2023,C. C. Buchner,S3EN,Latein,EN,,
Pas de livre,,,2023,,S3FR,MathÃ©matiques,FR,,
Les Ã©lÃ¨ves doivent disposer dâ€™une calculatrice scientifique ni graphique ni programmable,,,2023,,S3FR,MathÃ©matiques,FR,,
ModÃ¨le recommandÃ©: Calculatrice Scientifique TI CollÃ¨ge Plus,,,2023,,S3FR,MathÃ©matiques,FR,,
Fleur d'encre 4e,Bertagna,978-2013953269,2023,Hachette 2016,S3FR,FranÃ§ais L1,FR,,
Cahier de franÃ§ais,Bertagna,978-2017066910,2023,Hachette ,S3FR,FranÃ§ais L1,FR,,
Nelson Key Geography Interactions Student Book 5th edition,,978-1408523186,2023,Oxford Uni Press,S3FR,Human Science in English,FR,,
Livre fourni Ã  la rentrÃ©e par le professeur,,,2023,,S3FR,Sciences intÃ©grÃ©es ,FR,,
Help Your Kids with Music: A Unique Step-by-Step Visual Guide,Carol Vorderman,978-0241186121,2023,Dorling Kindersley,S3FR,Musique (en anglais),FR,,
Allgemeine Musiklehre anschaulich erklÃ¤rt,Carol Vorderman,978-3831031672,2023,Dorling Kindersley,S3FR,Musique (en allemand),FR,,
sera communiquÃ© par le professeur en dÃ©but dÂ´annÃ©e.,,,2023,,S3FR,Religion katholisch,FR,,
sera communiquÃ© par le professeur en dÃ©but dÂ´annÃ©e.,,,2023,,S3FR,Religion protestant,FR,,
sera communiquÃ© par le professeur en dÃ©but dÂ´annÃ©e.,,,2023,,S3FR,Morale,FR,,
Dixit 4e,Bouhours,978-2091717043,2023,Nathan 2017,S3FR,Latin,FR,,
Aspekte Junior (B1+) Kursbuch (WeiterfÃ¼hrung),,978-3-12-605250-4,2023,Klett,S3FR,Deutsch L2 ,FR,,
Aspekte Junior (B1+) Ãœbungsbuch (WeiterfÃ¼hrung),,978-3-12-605251-1,2023,Klett,S3FR,Deutsch L2 ,FR,,
Gramatik aktiv A1 - B1 (WeiterfÃ¼hrung),,978-3-06-023972-6,2023,Cornelsen,S3FR,Deutsch L2 ,FR,,
Bridge toÂ TerabithiaÂ Paperback - 2nd hand ok,Katherine Paterson,978-0141359786,2023,A Puffin Book,S3FR,English L2,FR,,
English File Intermediate (B1),Latham-Koenig,9780194035910Â ,2023,OUP English Learning and Teaching,S3FR,English L2,FR,,
English File 4th Edition Pre-Intermediate Students Book FOURTH EDITION,,978-0-19-403741-9,2023,Latham-Koenig,S3FR,English L3,FR,,
English FIle 4th Edition Pre-Intermediate Workbook FOURTH EDITION,,978-0-19-403768-6,2023,Latham-Koenig,S3FR,English L3,FR,,
Holes ,Louis Sacher,978-1408865231,2023,Bloomsbury,S3FR,English L3,FR,,
Gramatik aktiv A1 - B1 (WeiterfÃ¼hrung),,978-3-06-023972-6,2023,Cornelsen,S3FR,Deutsch L3,FR,,
Nuevo CompaÃ±eros 2 - Kursbuch,,978-84-17730-48-2,2023,SGEL,S3FR,EspaÃ±ol L3,FR,,
"Affresco italiano. Corso di lingua di italiano per stranieri, A2(volume)","Trifone, Filippone, Sgaglione",978-8800203326,2023,Le Monnier,S3FR,ITA L3 (NON FORMATA),FR,,
Parole che contano B â€“ Sintassi e comunicazione,F. Musso,978-88-8042-443-7,2023,Lattes,S3FR,Italiano L1,FR,,
Il rifugio segreto 2. Riflessione e coscienza di sÃ©,Assandri/Mutti,978-8808123077,2023,Zanichelli,S3FR,Italiano L1,FR,,
Il rifugio segreto. Leggere i classici,Assandri/Mutti,978-8808123152,2023,Zanichelli,S3FR,Italiano L1,FR,,
Lengua y Literatura 2Â°ESO,,978-8468040073,2023,Santillana,S3FR,EspaÃ±ol L1,FR,,
PAS DE LIVRE,,,2023,,S4FR,Biologie,FR,,
"Affresco italiano. Corso di lingua di italiano per stranieri, A1 (volume)",M. Trifone â€“ A. Filippone â€“ A. Sgaglione,978-8800203319,2023,,S4FR,ITA L4,FR,,
Pas de livre,,,2023,,S4FR,MathÃ©matiques,FR,,
"Les Ã©lÃ¨ves doivent disposer dâ€™une calculatrice scientifique ni graphique ni programmable (le modÃ¨le utilisÃ© en S3, le cas Ã©chÃ©ant, est suffisant).",,,2023,,S4FR,MathÃ©matiques,FR,,
"Geschichte und Geschehen 7, Baden-WÃ¼rttemberg",,978 3 12 443220 9,2023,,S4FR,Geschichte,FR,,
Aspekte Junior (B2) Kursbuch,,978-312-605254-2,2023,Klett,S4FR,DE L2,FR,,
Aspekte Junior (B2) Ãœbungsbuch,,978-3-12-605255-9,2023,Klett,S4FR,DE L2,FR,,
Grammatik Aktiv B2-C1,,978-3-06-02148-2,2023,Cornelsen,S4FR,DE L2,FR,,
Gramatik aktiv A1 - B1 (WeiterfÃ¼hrung),,978-3-06-023972-6,2023,Cornelsen,S4FR,DE L3,FR,,
Lengua y Literatura 3Â°ESO,,978-8468036571,2023,Santillana,S4FR,Spanisch L1,FR,,
NUEVO CompaÃ±eros 2 - Kursbuch,,978-84-17730-48-2,2023,SGEL,S4FR,EspaÃ±ol L3,FR,,
Nuevo CompaÃ±eros 1 - Kursbuch,, 978-8417730451,2023,SGEL,S4FR,EspaÃ±ol L4,FR,,
The Giver,Lois Lowry,978-0007263516,2023,HarperCollins,S4FR,L2 English,FR,,
English File Intermediate Plus,Latham-Koenig,978-0194038911,2023,Oxford Press,S4FR,L2 English,FR,,
English File Intermediate,Latham-Koenig,978-0194035910,2023,Oxford Press,S4FR,English L3,FR,,
Born a Crime,Trevor Noah,978-0525582199,2023,Yearling,S4FR,English L3,FR,,
The Boy in the Striped Pyjamas,John Boyne,978-1909531192,2023,Defintions,S4FR,English L3,FR,,
Wird vom Lehrer bekannt gegeben.,,,2023,,S4FR,Geografie (Deutsch),FR,,
Students will be informed of the text book,,978-1408505113,2023,,S4FR,Geography (English),FR,,
"Geschichte und Geschehen 7, Baden-WÃ¼rttemberg",,978 3 12 443220 9,2023,Klett,S4FR,Geschichte,FR,,
Complete Economics for Cambridge IGSE & O level,Moynihan & Titley,9780198409-700,2023,Oxford Press,S4FR,S4EN Economics ,FR,,
Pas de livre ,,,2023,,S4FR,Physique,FR,,
Pas de livre ,,,2023,,S4FR,Chimie ,FR,,
Fil d'ariane 3e (Ã©puisÃ© mais disponible auprÃ¨s des anciens S4),Ginter / Hannecart,978-2278073405,2023,Didier,S4FR,FranÃ§ais L1,FR,,
La grammaire par les exercices : 3e \, cahier de l'Ã©lÃ¨ve,JoÃ«lle Paul ,978-2047402269,2023,Bordas,S4FR,FranÃ§ais L1,FR,
Irodalom 11. TankÃ¶nyv,BaloghnÃ© BÃ­rÃ³ M. â€“ Borovi D. â€“ Gunda-SzabÃ³ D. â€“ Hartai L. ect.,978-963-436-137-4,2023,EKE-OFI,S4FR,HU L1,FR,,
Irodalom 11. SzÃ¶veggyÅ±jtemÃ©ny,Magyar T.,978-963-436-138-1,2023,EKE-OFI,S4FR,HU L1,FR,,
materiali forniti dall'insegnante,,,2023,,S4FR,ITA L1 (NON FORMATA),FR,,
Tablette ou ordinateur portable qui doit obligatoirement pouvoir Ãªtre posÃ© Ã  plat - Stylet obligatoire (relisez attentivement la piÃ¨ce jointe du mail envoyÃ© le 12.05.2022 Ã  08h40),,,2023,,S4FR,Projet BYOD (Bring your own device),FR,,
Es werden diverse elektronische Bauteile benÃ¶tigt. Diese werden im Unterricht angeschafft. Pro Semester ist mit einem Betrag von bis zu 30â‚¬ zu rechnen.,,,2023,,S4FR,ICT,FR,,
"Affresco italiano. Corso di lingua di italiano per stranieri, A1 (volume)",M. Trifone â€“ A. Filippone â€“ A. Sgaglione,978-8800203319,2023,Mondadori Education Le monnier ,S4DE,ITA L4,DE,,
"Deutschzeit 5, Baden-WÃ¼rt., Lese-und Sprachbuch",,978-3-06-063181-0,2023,Cornelsen,S4DE,DE L1,DE,,
"Deutschzeit 5, Baden WÃ¼rt., Arbeitsheft",,978-3-06-063193-3,2023,Cornelsen Verlag,S4DE,DE L1,DE,,
Aspekte Junior (B2) Kursbuch,,978-312-605254-2,2023,Klett,S4DE,DE L2,DE,,
Aspekte Junior (B2) Ãœbungsbuch,,978-3-12-605255-9,2023,Klett,S4DE,DE L2,DE,,
Grammatik Aktiv B2-C1,,978-3-06-02148-2,2023,Cornelsen Verlag,S4DE,DE L2,DE,,
Gramatik aktiv A1 - B1 (WeiterfÃ¼hrung),,978-3-06-023972-6,2023,Cornelsen,S4DE,DE L3,DE,,
Lengua y Literatura 3Â°ESO,,978-8468036571,2023,Santillana,S4DE, Spanisch L1,DE,,
NUEVO CompaÃ±eros 2 - Kursbuch,,978-84-17730-48-2,2023,SGEL,S4DE,Spanisch L3,DE,,
Nuevo CompaÃ±eros 1 - Kursbuch,, 978-8417730451,2023,SGEL,S4DE,Spanisch L4,DE,,
The Giver,Lois Lowry,978-0007263516,2023,HarperCollins,S4DE,L2 English,DE,,
English File Intermediate Plus,Latham-Koenig,978-0194038911,2023,Oxford Press,S4DE,L2 English,DE,,
English File Intermediate,Latham-Koenig,978-0194037419,2023,Oxford Press,S4DE,English L3,DE,,
The Boy in the Striped Pyjamas,John Boyne,978-1862305274,2023,Defintions,S4DE,English L3,DE,,
Born a Crime,Trevor Noah,978-0525582199,2023,Yearling,S4DE,English L3,DE,,
Lambacher Schweizer Mathematik 9 BW. Â ,,978-3-12-733391-6Â ,2023,,S4DE,Mathematik 4-stÃ¼ndig,DE,,
wird vom Lehrer bekannt gegeben,,,2023,,S4DE,Mathematik 6-stÃ¼ndig,DE,,
Die SchÃ¼ler benÃ¶tigen einen nicht grafischen und nicht programmierbaren wissenschaftlichen Taschenrechner. Bitte mit der Lehrkraft absprechen.,,,2023,,S4DE,Mathematik,DE,,
Wird durch den Lehrer im Schuljahr festgelegt,,,2023,Klett,S4DE,Physik,DE,,
wird vom Lehrer bekannt gegeben,,,2023,,S4DE,Geografie Deutsch),DE,,
Students will be informed of the text book,,,2023,,S4DE,Geography (English),DE,,
voir avec le professeur en charge de la classe Ã  la rentrÃ©e,,,2023,,S4DE,Histoire et gÃ©ographie franÃ§ais),DE,,
"Geschichte und Geschehen 7, Baden-WÃ¼rttemberg",,978-3-12-443220-9,2023,Klett Verlag,S4DE,Geschichte (Deutsch),DE,,
Complete Economics for Cambridge IGCSE & O level,Moynihan & Titley,978-0-198409700,2023,Oxford Press,S4DE,S4EN Economics ,DE,,
A la Une 2 (livre de l'Ã©lÃ¨ve + cd),"Brandel, etc",978-8417260897,2023,Maison des Langues ,S4DE,FranÃ§ais L3,DE,,
wird bei Bedarf am Beginn des Schuljahres bekannt gegeben.,,,2023,,S4DE,Chemie,DE,,
wird vom Lehrer bekannt gegeben,,,2023,,S4DE,Biologie,DE,,
wird vom Lehrer bekannt gegeben,,,2023,,S4DE,Biologie,DE,,
materiali forniti dall'insegnante,,,2023,,S4DE,ITA L1 (NON FORMATA),DE,,
GENERATION : niveau B1 \, livre+ cahier + CD MP3 + DVD,es,"9,78228E+12",2023,,S4DE,FranÃ§ais L2,DE,
wird vom Lehrer bekannt gegeben,,,2023,,S4DE,Geographie (Deutsch),DE,,
wird vom Lehrer bekannt gegeben,,,2023,,S4DE,Ã‰conomie (Deutsch),DE,,
"Tablet oder Laptop, der zwingend flach aufgestellt werden kann - Stift zwingend erforderlich (lesen Sie bitte noch mal sorgfÃ¤ltig den Anhang der Mail gesendet am 12.05.2022 um 08:40 Uhr)",,,2023,,S4DE,Projekt BYOD (Bring your own device),DE,,
wird von der Lehrerin bekannt gegeben,,,2023,,S4DE,Religion kath. ,DE,,
Es werden diverse elektronische Bauteile benÃ¶tigt. Diese werden im Unterricht angeschafft. Pro Semester ist mit einem Betrag von bis zu 30â‚¬ zu rechnen.,,,2023,,S4DE,ICT,DE,,
Complete Economics for Cambridge IGCSE & O Level,Moynihan & Titley,978-0-198409700,2023,Oxford Uni Press,S4EN,S4EN Economics,EN,,
"Affresco italiano. Corso di lingua di italiano per stranieri, A1 (volume)",M. Trifone â€“ A. Filippone â€“ A. Sgaglione,978-8800203319,2023,Mondadori Education Le monnier ,S4EN,ITA L4,EN,,
Resources to be provided by the teacher,,,2023,,S4EN,Maths 4P & 6P,EN,,
Students must have a non-graphing and non-programmable scientific calculator (the model used in S3 is probably sufficient),,,2023,,S4EN,Maths,EN,,
"Geschichte und Geschehen 7, Baden-WÃ¼rttemberg",,978 3 12 443220 9,2023,Klett,S4EN,Geschichte ,EN,,
Aspekte Junior (B2) Kursbuch,,978-3-12-605254-2,2023,Klett,S4EN,DE L2,EN,,
Aspekte Junior (B2) Ãœbungsbuch,,978-3-12-605255-9,2023,Klett,S4EN,DE L2,EN,,
Grammatik Aktiv B2-C1,,978-3-06-02148-2,2023,Cornelsen,S4EN,DE L2,EN,,
Gramatik aktiv A1 - B1 (WeiterfÃ¼hrung),,978-3-06-023972-6,2023,Cornelsen,S4EN,DE L3,EN,,
Cambridge IGCSE & O Level Essential Physics: Print and Enhanced Online Student Book Pack Third Edition,Jim Breithaupt,978-1382006200,2023,Oxford University Press,S4EN,Physics,EN,,
Grade 9-1 GCSE Chemistry for AQA: Student Book with Online Edition ,,978-1782945963,2023,CGP Ltd,S4EN,Chemistry,EN,,
Lengua y Literatura 3Â°ESO,,978-8468036571,2023,Santillana,S4EN,Spanish L1,EN,,
Nuevo CompaÃ±eros 2 - Kursbuch,,978-84-17730-48-2,2023,SGEL,S4EN,Spanish L3,EN,,
Nuevo CompaÃ±eros 1 - Kursbuch,, 978-8417730451,2023,SGEL,S4EN,Spanish L4,EN,,
The Woman in Black - paper copy please not digital,Susan Hill,978-0099288473,2023,Vintage,S4EN,L1 English,EN,,
Romeo and Juliet - The Arden Shakespeare - paper copy please not digital,"William Shakespeare (Author), RenÃ© Weis (Anthology Editor)",978-1903436912,2023,Bloomsbury Publishing,S4EN,L1 English,EN,,
An Inspector Calls: Annotation-Friendly EditionÂ - paper copy please not digital,J. B. PriestleyÂ ,978-1909608405Â ,2023,Firestone booksÂ ,S4EN,L1 EnglishÂ ,EN,,
The Giver,Lois Lowry,978-0007263516,2023,HarperCollins,S4EN,L2 English,EN,,
English File Intermediate Plus,Latham-Koenig,978-0194038911,2023,Oxford Press,S4EN,L2 English,EN,,
Wird vom Lehrer bekannt gegeben.,,,2023,,S4EN,Geografie (Deutsch),EN,,
Students will be informed of the text book,,,2023,,S4EN,Geography (English),EN,,
voir avec le professeur en charge de la classe Ã  la rentrÃ©e,,,2023,,S4EN,Histoire et gÃ©ographie( franÃ§ais),EN,,
"Geschichte und Geschehen 7, Baden-WÃ¼rttemberg",,978-3-12-443220-9,2023,Klett Verlag,S4EN,Geschichte (Deutsch),EN,,
Cambridge IGCSE Biology Student's Book,"Sue Kearsey, Mike Smith, Jackie Clagg and Gareth Price",978-0007592524,2023,HarperCollins Publishers,S4EN,Biology,EN,,
Cambridge IGCSE (TM) Biology Revision Guide (Letts Cambridge IGCSE (TM) Revision), Letts Cambridge IGCSE, 978-0008210311,2023,HarperCollins Publishers,S4EN,,EN,,
A la Une 2 (livre de l'Ã©lÃ¨ve + cd),"Brandel, etc",978-8417260897,2023,Maisons des Langues,S4EN,FranÃ§ais  L3,EN,,
materiali forniti dall'insegnante,,,2023,,S4EN,ITA L1 (NON FORMATA),EN,,
GENERATION : niveau B1 \, livre+ cahier + CD MP3 + DVD,Marie-NoÃ«lle Cocton,"9,78228E+12",2023,,S4EN,FranÃ§ais L2,EN,
Es werden diverse elektronische Bauteile benÃ¶tigt. Diese werden im Unterricht angeschafft. Pro Semester ist mit einem Betrag von bis zu 30â‚¬ zu rechnen.,,,2023,,S4EN,ICT,EN,,
BÃ¼cher werden an die SchÃ¼ler/Eltern direkt bekannt gegeben oder von den Lehrern organisiert,,Any suitable edition,2023,Any suitable edition,S4EN,SWALS,EN,,
"Verlag: Malmberg, Talent Max havo/vwo Jahr 2, Buch A/B + online, ISBN: 978-94-020-55979",,,2023,,S4EN,NiederlÃ¤ndisch L1  S3,EN,,
Tablet or laptop which must be able to lie flat - Mandatory pencil (please read again the attachment of the mail sent the 12.05.2022 at 08:40),,,2023,,S4EN,Project BYOD (Bring your own device),EN,,
"Dante Alighieri, La Divina Commedia","N. Mineo, D. Cuccia, L. Melluso",978-8880208525,2023,Palumbo,S5DE,ITA L1 (NON FORMATA),DE,,
"Affrescoitaliano. Corso di lingua di italiano per stranieri, A 2 (volume)",M. Trifone â€“ A. Filippone â€“ A. Sgaglione,978-8800203326,2023,Mondadori Education Le monnier,S5DE,ITA L4,DE,,
Deutschzeit Band 6 Baden -WÃ¼rttemberg (SchÃ¼lerbuch als Ebook),,978-3-06-063212-1,2023,Cornelsen Verlag,S5DE,DE L1,DE,,
Deutschzeit Band 6 Baden WÃ¼rttemberg (Arbeitsheft),,978-3-06-063278-7,2023,Cornelsen Verlag,S5DE,DE L1,DE,,
Aspekte Junior B2Kursbuch (WeiterfÃ¼hrung),,978-3-12-605254-2,2023,Klett Verlag,S5DE,DE L2,DE,,
Aspekte Junior B2 Ãœbungsbuch (WeiterfÃ¼hrung),,978-3-12-605255-9,2023,Klett Verlag,S5DE,DE L2,DE,,
Grammatik Aktiv B2-C1,,978-3-06-02148-2,2023,Cornelsen Verlag,S5DE,DE L2 ,DE,,
Gramatik aktiv A1 - B1 (WeiterfÃ¼hrung),,978-3-06-023972-6,2023,Cornelsen,S5DE,DE L3,DE,,
Lengua y Literatura 4Â°ESO,,978-8468039992,2023,Santillana,S5DE,Spanisch L1,DE,,
Nuevo CompaÃ±eros 3 - Kursbuch,,978-8417730512,2023,SGEL,S5DE,Spanisch L3,DE,,
Nuevo CompaÃ±eros 2 - Kursbuch,,978-8417730482,2023,SGEL,S5DE,Spanisch L4,DE,,
wird vom Lehrer bekannt gegeben,,,2023,,S5DE,Biologie,DE,,
wird vom Lehrer bekannt gegeben,,,2023,,S5DE,Chemie,DE,,
"Arbeitsheft Mathematik 6, Ausgabe ab 2009, Arbeitsheft mit LÃ¶sungsheft | Klasse 10",,978-3-12-746806-9Â ,2023,Klett Verlag,S5DE,Mathematik  6-stÃ¼ndig,DE,,
"Lambacher Schweizer Mathematik 9, Ausgabe Baden-WÃ¼rttemberg (schon vorhanden aus S4)",,978-3-12-733391-6,2023,Klett Verlag,S5DE,Mathematik  6-stÃ¼ndig,DE,,
wird vom Lehrer bekanntgegeben,,,2023,,S5DE,Mathematik  4-stÃ¼ndig,DE,,
,,,2023,,S5DE,Mathematik,DE,,
Taschenrechner: NUMWORKS,,,2023,,S5DE,Mathematik,DE,,
Wird durch den Lehrer im Schuljahr festgelegt,,978-3-89818-365-9,2023,Klett Verlag,S5DE,Physik,DE,,
Students will be informed of the text book,,,2023,,S5DE,Geography (English),DE,,
"Geschichte und Geschehen 7, Baden-WÃ¼rttemberg",wird weitergefÃ¼hrt ,978-3-12-443220-9,2023,Klett Verlag,S5DE,Geschichte (Deutsch),DE,,
"Geschichte und Geschehen 8, Baden-WÃ¼rttemberg, ab Januar benÃ¶tigt",,978-3-12-443230-8,2023,Klett Verlag,S5DE,Geschichte (Deutsch),DE,,
wird vom Lehrer bekannt gegeben,,,2023,,S5DE,Geographie (Deutsch),DE,,
voir avec le professeur en charge de la classe Ã  la rentrÃ©e,,,2023,,S5DE,Histoire et gÃ©ographie (franÃ§ais),DE,,
wird vom Lehrer bekannt gegeben,,,2023,,S5DE,Economie (Deutsch),DE,,
Complete Economics for Cambridge & O level,Moynihan & Titley,97890198409-700,2023,Oxford Press,S5DE,S5EN Economics,DE,,
English file Intermediate Plus (students have),Latham-Koenig,978-0194038911,2023,Oxford University Press,S5DE,L2 English,DE,,
An Inspector Calls - paper copy not digital please,J.B Priestley ,978-0141185354,2023,Penguin Modern Classics,S5DE,L2 English,DE,,
GenÃ©ration B2,Baracco et Giachino,978-2278087761,2023,Didier,S5DE,FranÃ§ais L2,DE,,
Face,Benjamin Zephaniah,978-1408894989,2023,HarperCollins Publishers,S5DE,L3 English,DE,,
Private Peaceful,Michael Morpurgo,978-0439636537,2023,Scholastic,S5DE,L3 English,DE,,
English File Intermediate (students have from last year),Latham Koenig,978-0194037419,2023,Oxford Uni Press,S5DE,L3 English,DE,,
,,,2023,,S5DE,BYOD (Bring your own device),DE,,
A la Une  2 - Livre de lÂ´Ã©lÃ¨ve,"K.Brandel, C.Jade",978-84-17260897,2023,Maison des langues,S5DE,FranÃ§ais L3,DE,,
A la Une  2 - cahier dÂ´activitÃ©s,"C.Barbera, D.Escudero",978-8417260903,2023,Maison des langues,S5DE,FranÃ§ais L3,DE,,
A la une 3 livre de l'Ã©lÃ¨ve,A.Rodriguez Tomp,978-8417260927,2023,Maison des langues,S5DE,FranÃ§ais L3,DE,,
A la une 3 cahier d'activitÃ©s,"M.Gasperi, D.Escuderos",978-8417260934,2023,Maison des langues,S5DE,FranÃ§ais L3,DE,,
Wird von der Lehrerin bekannt gegeben,,,2023,,S5DE,Religion kath. ,DE,,
Es werden diverse elektronische Bauteile benÃ¶tigt. Diese werden im Unterricht angeschafft. Pro Semester ist mit einem Betrag von bis zu 30â‚¬ zu rechnen.,,,2023,,S5DE,ICT,DE,,
Complete Economics for Cambridge & IGCSE & O Level,Moyniham & Titley,978-0198409700,2023,Oxford Uni Press,S5EN,S5EN Economics,EN,,
"Affrescoitaliano. Corso di lingua di italiano per stranieri, A2(volume)",M. Trifone â€“ A. Filippone â€“ A. Sgaglione,978-8800203326,2023,Mondadori Education Le monnier ,S5EN,ITA L4,EN,,
Students will be informed of the text book in September,,,2023,,S5EN,Maths - 6 Periods,EN,,
Resources to be provided by the teacher,,,2023,,S5EN,Maths - 4 Periods,EN,,
Calculator: NUMWORKS - this could be obtained via the teachers in September,,,2023,,S5EN,Maths,EN,,
"Geschichte und Geschehen 8, Baden-WÃ¼rttemberg",,978 3 12 443230 8,2023,Klett,S5EN,Geschichte,EN,,
Aspekte Junior B2 Kursbuch (Fortsetzung),,978-3-12-605254-2,2023,Klett,S5EN,DE L2,EN,,
Aspekte Junior B2 Ãœbungsbuch (Fortsetzung),,978-3-12-605255-9,2023,Klett,S5EN,DE L2,EN,,
Grammatik Aktiv B2-C1 (WeiterfÃ¼hrung),,978-3-06-02148-2,2023,Cornelsen,S5EN,DE L2,EN,,
Gramatik aktiv A1 - B1 (WeiterfÃ¼hrung),,978-3-06-023972-6,2023,Cornelsen,S5EN,DE L3,EN,,
Cambridge IGCSE & O Level Essential Physics: Print and Enhanced Online Student Book Pack Third Edition,Jim Breithaupt,978-1382006200,2023,Oxford University Press,S5EN,Physics,EN,,
Grade 9-1 GCSE Chemistry for AQA: Student Book with Online Edition (same book as in S4),,978-1782945963,2023,CGP Ltd,S5EN,Chemistry,EN,,
Lengua y Literatura 4Â°ESO,,978-8468039992,2023,Santillana,S5EN,Spanisch L1,EN,,
Nuevo CompaÃ±eros 3 - Kursbuch,,978-8417730512,2023,SGEL,S5EN,Spanisch L3,EN,,
Nuevo CompaÃ±eros 2 - Kursbuch,,978-8417730482,2023,SGEL,S5EN,Spanisch L4,EN,,
Cambridge IGCSE Biology Studentâ€™s Book,"Sue Kearsey, Mike Smith, Jackie Clagg and Gareth Price",978-0007592524,2023,HarperCollins Publishers,S5EN,Biology,EN,,
Cambridge IGCSE Biology Revision Guide,Letts Cambridge IGCSE,978-0008210311,2023,HarperCollins Publishers,S5EN,Biology,EN,,
"Geschichte und Geschehen 7, Baden-WÃ¼rttemberg",", wird weitergefÃ¼hrt",978 3 12 443220 9,2023,Klett,S5EN,Geschichte,EN,,
"Geschichte und Geschehen 8, Baden-WÃ¼rttemberg",,978 3 12443230 8,2023,Klett,S5EN,Geschichte,EN,,
Wird vom Lehrer bekannt gegeben.,,,2023,,S5EN,Geografie (Deutsch),EN,,
Students will be informed of the text book,,,2023,,S5EN,Geography (English),EN,,
voir avec le professeur en charge de la classe Ã  la rentrÃ©e,,,2023,,S5EN,Histoire et gÃ©ographie (franÃ§ais),EN,,
A Dollâ€™s HouseÂ ,Henrik IbsenÂ ,978-1350116788,2023,"Methuen Drama\; 3rd edition, Paperback",S5EN,L1 English,EN,,
The Hunger Games (1),Suzanne CollinsÂ ,978-1-4071-3208-2,2023,Scholastic Ltd.\, 1st edition,S5EN,L1 English,EN,
A Study in Scarlet â€“ Sir Arthur Conan DoyleÂ ,PDF - will be available on TEAMS,,2023,Project Gutenberg - e-book,S5EN,L1 English,EN,,
The Curious Incident of the Dog in the Night-Time,copies available at school,,2023,,S5EN,L1 English,EN,,
An Inspector Calls - paper copy not digital please,J.B Priestley ,978-0141185354,2023,Penguin Modern Classics,S5EN,English L2,EN,,
English file Intermediate Plus,Latham-Koenig,978-0194038911,2023,Oxford University Press,S5EN,L2 English,EN,,
GenÃ©ration B2 ,"Baracco, Giachino",978-2278087761,2023,Didier,S5EN,FranÃ§ais L2,EN,,
A la Une  2 - Livre de lÂ´Ã©lÃ¨ve,"K.Brandel, C.Jade",978-84-17260897,2023,Maison des langues,S5EN,FranÃ§ais L3,EN,,
A la Une  2 - Cahier dÂ´activitÃ©s,"C.Barbera, D.Escudero",978-8417260903,2023,Maison des langues,S5EN,FranÃ§ais L3,EN,,
A la une 3 - Livre de l'Ã©lÃ¨ve,A.Rodriguez Tomp,978-8417260927,2023,Maison des langues,S5EN,FranÃ§ais L3,EN,,
A la une 3 - Cahier d'activitÃ©s,"M.Gasperi, D.Escuderos",978-8417260934,2023,Maison des langues,S5EN,FranÃ§ais L3,EN,,
Barndommens Gade,Tove Ditlevsen,978-8775332519,2023,,S5EN,Dansk L1 (Danish),EN,,
"Dante Alighieri, La Divina Commedia",Jacomuzzi,978-8805076321,2023,SEI,S5EN,ITA L1 (NON FORMATA),EN,,
"Autofiktion, Dansk i dybden",Jimmi Michelsen,978-8702203127,2023,,S5EN,Dansk L1 (Danish),EN,,
,,,2023,,S5EN,BYOD (Bring your own device),EN,,
"Titel : ""prima. kompakt"" ",Clement Utz und  Andrea Kammerer,978-3-661-41500-0.,2023,,S5EN,Latein S2 und S3,EN,,
No textbook required,,,2023,,S5EN,Ethics,EN,,
Es werden diverse elektronische Bauteile benÃ¶tigt. Diese werden im Unterricht angeschafft. Pro Semester ist mit einem Betrag von bis zu 30â‚¬ zu rechnen.,,,2023,,S5EN,ICT,EN,,
PAS DE LIVRE,,,2023,,S5FR,BIOLOGIE,FR,,
"Affrescoitaliano. Corso di lingua di italiano per stranieri, A2(volume)",M. Trifone â€“ A. Filippone â€“ A. Sgaglione,978-8800203326,2023,2007 (I ed.),S5FR,ITA L4,FR,,
PAS DE LIVRE,,,2023,,S5FR,MATHS 4P,FR,,
PAS DE LIVRE,,,2023,,S5FR,MATHS 6P,FR,,
Calculatrice Numworks,,,2023,,S5FR,MATHS 4P & 6P,FR,,
Aspekte Junior B2 Kursbuch (WeiterfÃ¼hrung),,978-3-12-605254-2,2023,Klett,S5FR,DE L2,FR,,
Aspekte Junior B2 Ãœbungsbuch (WeiterfÃ¼hrung),,978-3-12-605255-9,2023,Klett,S5FR,DE L2,FR,,
Grammatik Aktiv B2-C1,,978-3-06-02148-2,2023,Cornelsen,S5FR,DE L2,FR,,
Gramatik aktiv A1 - B1 (WeiterfÃ¼hrung),,978-3-06-023972-6,2023,Cornelsen,S5FR,DE L3,FR,,
Lengua y Literatura 4Â°ESO,,978-8468039992,2023,Santillana,S5FR,Spanisch L1,FR,,
Nuevo CompaÃ±eros 3 - Kursbuch,,978-8417730512,2023,SGEL,S5FR,Spanisch L3,FR,,
Nuevo CompaÃ±eros 2 - Kursbuch,,978-8417730482,2023,SGEL,S5FR,Spanisch L4,FR,,
Wird vom Lehrer bekannt gegeben.,,,2023,,S5FR,Geografie (Deutsch),FR,,
"Geschichte und Geschehen 8, Baden-WÃ¼rttemberg",,978 3 12 443230 8,2023,Klett,S5FR,Geschichte,FR,,
Students will be informed of the text book,,,2023,,S5FR,Geography English,FR,,
"Geschichte und Geschehen 7, Baden-WÃ¼rttemberg /WeiterfÃ¼hrung)",,978 3 12 443220 9,2023,Klett,S5FR,Geschichte,FR,,
Complete Economics for Cambridge IGCSE & O level,Moynihan & Titley,9780198409-700,2023,Oxford Press,S5FR,S5EN Economics,FR,,
Pas de livre ,,,2023,,S5FR,Physique,FR,,
Pas de livre ,,,2023,,S5FR,Chimie ,FR,,
FranÃ§ais 2de,Xavier Damas,978-2218749810,2023,,S5FR,FranÃ§ais L1,FR,,
Face,Benjamin Zephaniah,978-1408894989,2023,HarperCollins Publishers,S5FR,L3 English,FR,,
Private Peaceful,Michael Morpurgo,978-0439636537,2023,Scholastic,S5FR,L3 English,FR,,
English File Intermediate (students have from last year),Latham Koenig,978-0194037419,2023,Oxford Uni Press,S5FR,L3 English,FR,,
"La Divina Commedia, Dante Alighieri","N. Mineo, D. Cuccia, L. Melluso",978-8880208525,2023,Palumbo,S5FR,ITA L1 (NON FORMATA),FR,,
,,,2023,,S5FR,BYOD (Bring your own device),FR,,
English file Intermediate Plus (students have),Latham-Koenig,978-0194038911,2023,Oxford University Press,S5FR,L2 English,FR,,
An Inspector Calls - paper copy not digital please,J.B Priestley ,978-0141185354,2023,Penguin Modern Classics,S5FR,L2 English,FR,,
Es werden diverse elektronische Bauteile benÃ¶tigt. Diese werden im Unterricht angeschafft. Pro Semester ist mit einem Betrag von bis zu 30â‚¬ zu rechnen.,,,2023,,S5FR,ICT,FR,,
Letteratura letterature. Guida storica,G.Armellini/A. Colombo,978-8808338778,2023,Zanichelli,S6DE,ITA L1,DE,,
"Affrescoitaliano. Corso di lingua di italiano per stranieri, A2(volume)",M. Trifone â€“ A. Filippone â€“ A. Sgaglione,978-8800203326,2023, Le monnier ,S6DE,ITA L4 ,DE,,
"Mensch und Politik Sekundarstufe II, Politisches System",,,2023,westermann 978-3-14-118362-7,S6DE,Soziologie/Politik,DE,,
"Uwe Timm, Johannisnacht",,978-3423125925,2023,,S6DE,DE L1 ,DE,,
"Friedrich Schiller, Maria Stuart, Version Einfach Deutsch",,978-3140223720,2023,,S6DE,DE L1 ,DE,,
Aspekte Junior C1 (Kursbuch),,978-3-12-605258-0,2023,,S6DE,DE L2 ,DE,,
Aspekte Junior C1 (Ãœbungsbuch),,978-3-12-605259-7,2023,Klett Verlag,S6DE,DE L2 ,DE,,
Grammatik Aktiv B2-C1 (WeiterfÃ¼hrung),,978-3-06-02148-2,2023,Cornelsen,S6DE,DE L2 ,DE,,
Theodor Fontane: Unterm Birnbaum (Version Einfach Deutsch),,978-3140227086,2023,SchÃ¶ningh Verlag,S6DE,DE L2 ,DE,,
"Salters Chemical Ideas (Hinweise am Schuljahresanfang beachten, eventuell Tausch mit aktuellen S7 SchÃ¼ler/innen)",,978-3-507-12202-4,2023,Westermann Schroedel,S6DE,Chemie 4h,DE,,
Course not formed,,,2023,,S6DE,Chemistry Laboratory,DE,,
Lengua y Literatura 1Â° Bto,,978-8468003870,2023,Santillana,S6DE,Sprache L1,DE,,
Ninfa rota,Alfredo GÃ³mez CerdÃ¡,978-8469848081,2023,Anaya,S6DE,Spanisch  L3,DE,,
Nuevo CompaÃ±eros 4 - Kursbuch,,978-8417730543,2023,SGEL,S6DE,Spanisch L3,DE,,
 Nuevo CompaÃ±eros 3 - Kursbuch,,978-84-17730-51-2,2023,SGEL,S6DE,Spanisch L4,DE,,
wird vom Lehrer bekannt gegeben,,,2023,,S6DE,Biologie 2h,DE,,
wird vom Lehrer bekannt gegeben,,,2023,,S6DE,Biologie 4h,DE,,
Set Text: The Crucible,Arthur Miller,978-1350245778Â Â ,2023,Bloomsbury,S6DE,English L3,DE,,
Set Text: My Name is Leon,Kit De Waal,978-0241973387,2023,Penguin,S6DE,English L3,DE,,
"Lambacher Schweizer Mathematik 9, Ausgabe Baden-WÃ¼rttemberg (schon vorhanden aus S4)",,978-3-12-733391-6,2023,Klett Verlag,S6DE,Mathematik 3-stÃ¼ndig,DE,,
"Lambacher Schweizer Mathematik 10, Ausgabe Baden-WÃ¼rttemberg ab 2016 (schon vorhanden aus S5)",,978-3-12-735320-4,2023,Klett Verlag,S6DE,Mathematik 3-stÃ¼ndig,DE,,
Lambacher Schweizer Mathematik Kursstufe- Leistungsfach,,978-3-12-735380-8,2023,,S6DE,Mathematik-5stÃ¼ndig,DE,,
,,,2023,,S6DE,Mathematik fÃ¼r beide Kurse,DE,,
wird vom Lehrer bekanntgegeben,,,2023,,S6DE,Physik,DE,,
GCSE Modern World History 2nd Edition by Ben Walsh,,,2023,,S6DE,History 2 periods,DE,,
"Geschichte und Geschehen 8, Baden-WÃ¼rttemberg, wird weitergefÃ¼hrt",,978-3-12-443230-8,2023,Klett Verlag,S6DE,Geschichte (Deutsch),DE,,
"Geschichte und Geschehen 9, Baden-WÃ¼rttemberg, ab ca Februar",,978-3-12-443240-7,2023,Klett Verlag,S6DE,Geschichte (Deutsch),DE,,
,,,2023,,S6DE,Geographie 2 und 4 stÃ¼ndig  (Deutsch),DE,,
Economics Course Companion 2nd Edition,Blink & Dorton,978-0198390008,2023,Oxford Press,S6DE,S6EN Economics  4 periodÂ ,DE,,
Kolleg Ethik. neu. Lehrbuch. - Digitale Ausgabe mÃ¶glich,,978-3-661-22050-5,2023,Buchner Verlag,S6DE,Philosophie 2-stÃ¼ndig,DE,,
Kolleg Ethik. neu. Lehrbuch. - Digitale Ausgabe mÃ¶glich,,978-3-661-22050-5,2023,Buchner Verlag,S6DE,Philosophie- 4-stÃ¼ndig,DE,,
Ethisch argumentieren. Eine Anleitung anhand von Fallbeispielen.,,978-3-14-025050-4,2023,SchÃ¶ningh Verlag,S6DE,Philosophie- 4-stÃ¼ndig,DE,,
Es werden diverse elektronische Bauteile benÃ¶tigt. Diese werden im Unterricht angeschafft. Pro Semester ist mit einem Betrag von bis zu 30â‚¬ zu rechnen.,,,2023,,S6DE,ICT,DE,,
"Tendances, mÃ©thode de franÃ§ais C1-C2","D.-N. Liakin, G. Michaud, F. Oliury",978-209-038-537-3,2023,CLE international,S6DE,FranÃ§ais L2,DE,,
"Tendances, C1-C2, Cahier d'activitÃ©s","D.-N. Liakin, G. Michaud, F. Oliury",978-209-038-538-0,2023,CLE international,S6DE,FranÃ§ais L2,DE,,
Le pays des autres (roman) - tome 1,Leila Slimani,978-2-07-292347-0,2023,Gallimard,S6DE,FranÃ§ais L2,DE,,
Le pays des autres (roman) - tome 2,Leila Slimani,978-2-07-300371-3,2023,Gallimard,S6DE,FranÃ§ais L3,DE,,
GÃ©nÃ©ration B1,"M.-N. Cocton, P. Dauda",978-2278086351,2023,Didier,S6DE,FranÃ§ais L3,DE,,
Un Secret (roman),Philippe Grimbert,978-3125972216,2023,Klett / Livre de Poche,S6DE,FranÃ§ais L3,DE,,
Les Enfants sont rois (roman),D. de Vigan,978-2-07-297737-4,2023,Gallimard,S6DE,FranÃ§ais L3,DE,,
no book required,,,2023,,S6DE,S6EN Economics  2 period ,DE,,
Affresco italiano. Corso di lingua italiana per stranieri A2,"Trifone, Filippone, Sgaglione",9-788800-2026,2023,Le Monnier,S6DE,ITA L4,DE,,
Set Text: The Importance of Being EarnestÂ ,Oscar WildeÂ ,Â 9780140436068Â ,2023,Penguin Classics,S6DE,English L2,DE,,
Supporting Text: Persepolis: A Story of a Childhood and the Return,Marjane Satrapi,978-0099523994,2023,Vintage Books,S6DE,English L2,DE,,
The Great Gatsby  - F. Scott Fitzgerald,,978-0141182636,2023,Penguin Modern Classics,S6DE,Advanced English L2,DE,,
no book required,,,2023,,S6DE,Geography 4 period,DE,,
kein buch,,,2023,,S6DE,Economie (Deutsch),DE,,
"Mensch und Politik Sekundarstufe II, Politisches System",,978-3-14-118362-7,2023,Westermann,S6DE,Politik/Soziologie,DE,,
,,,2023,,S6DE,BYOD (Bring your own device),DE,,
wird von der Lehrerin bekannt gegeben,,,2023,,S6DE,Religion kath. ,DE,,
Economics cCourse Companion,Blink & Dorton,"9,78E+12",2023,Oxford Press,S6DE,Economics 4 period,DE,,
PAS DE LIVRE,,,2023,,S6FR,Biologie 2 pÃ©r.,FR,,
PAS DE LIVRE,,,2023,,S6FR,Biologie 4 pÃ©r.,FR,,
"Affrescoitaliano. Corso di lingua di italiano per stranieri, A1(volume)",M. Trifone â€“ A. Filippone â€“ A. Sgaglione,978-8800203319,2023,,S6FR,ITA L5 (NON FORMATA),FR,,
PAS DE LIVRE,,,2023,,S6FR,MATHS 3P,FR,,
PAS DE LIVRE,,,2023,,S6FR,MATHS 5P,FR,,
Calculatrice Numworks,,,2023,,S6FR,MATHS 4P & 6P,FR,,
wird vom Lehrer bekanntgegeben,,,2023,,S6FR,Politik/Soz.,FR,,
Aspekte Junior Kursbuch C1,,978-3-12-605258-0,2023,,S6FR,DE L2,FR,,
Aspekte Junior Ãœbungsbuch C1,,978-3-12-605259-7,2023,,S6FR,DE L2,FR,,
Theodor Fontane: Unterm Birnbaum (Einfach Deutsch),,978-3-14-022708-7,2023,Westermann,S6FR,DE  L2,FR,,
Grammatik Aktiv B2-C1 (WeiterfÃ¼hrung),,978-3-06-02148-2,2023,Cornelsen,S6FR,DE L2,FR,,
Gregor Tessnow: Knallhart,,978-3800050789,2023,,S6FR,DE L3,FR,,
Grammatik Aktib B1+,,978-3060244706,2023,Cornelsen,S6FR,DEL3,FR,,
course not formed,,,2023,,S6FR,Chemistry Laboratory,FR,,
Lengua y Literatura 1Â° Bto,,978-8468003870,2023,Santillana,S6FR,Spanisch L1,FR,,
Ninfa rota,Alfredo GÃ³mez CerdÃ¡,978-8469848081,2023,Anaya,S6FR,Spanisch  L3,FR,,
Nuevo CompaÃ±eros 4 - Kursbuch,,978-8417730543,2023,SGEL,S6FR,Spanisch L3,FR,,
Nuevo CompaÃ±eros 3 - Kursbuch,,978-84-17730-51-2,2023,SGEL,S6FR,Spanisch L4,FR,,
"Geschichte und Geschehen 8, Baden-WÃ¼rttemberg",,978 3 12 443230 8,2023,Klett,S6FR,Geschichte,FR,,
"Geschichte und Geschehen 9, Baden-WÃ¼rttemberg",,978 3 12-443240-7,2023,Klett,S6FR,Geschichte,FR,,
GCSE Modern World History 2nd Edition by Ben Walsh,,978-0719577130,2023,,S6FR,History 2 period,FR,,
"Mensch und Politik. Sekundarstufe II, B.-W., Politisches System",,978-3-14-118362-7,2023,Westermann,S6FR,"Politik/Soz., 2stÃ¼ndig, 6DEF",FR,,
Economics Course Companion 2nd Edition,Blink & Dorton,978-019839000-8,2023,Oxford Press,S6FR,S6EN Economics  4 period,FR,,
Set Text: The Crucible,Arthur Miller,978-1350245778Â Â ,2023,Bloomsbury,S6FR,English L3,FR,,
Set Text: My Name is Leon,Kit De Waal,978-0241973387,2023,Penguin,S6FR,English L3,FR,,
Es werden diverse elektronische Bauteile benÃ¶tigt. Diese werden im Unterricht angeschafft. Pro Semester ist mit einem Betrag von bis zu 30â‚¬ zu rechnen.,,,2023,,S6FR,ICT,FR,,
Pas de livre ,,,2023,,S6FR,Physique,FR,,
Pas de livre ,,,2023,,S6FR,Chimie ,FR,,
No book required,,,2023,,S6FR,S6EN Economics  2 period,FR,,
Manon Lescaut,AbbÃ© PrÃ©vost,979-1035822521,2023,Belin Gallimard,S6FR,FranÃ§ais Langue 1,FR,,
Les Cahiers de Douai,A. Rimbaud,978-2072925825,2023,Folio+LycÃ©e,S6FR,FranÃ§ais Langue 1,FR,,
Letteratura letterature. Guida storica,G.Armellini/A. Colombo,978-8808338778,2023,Zanichelli,S6FR,ITA L1,FR,,
Affresco italiano. Corso di lingua italiana per stranieri A2,"Trifone, Filippone, Sgaglione",978-8800203326,2023,Le Monnier,S6FR,ITA L4,FR,,
Set Text: The Importance of Being EarnestÂ ,Oscar WildeÂ ,Â 9780140436068Â ,2023,Penguin Classics,S6FR,English L2,FR,,
Supporting Text: Persepolis: A Story of a Childhood and the Return,Marjane Satrapi,978-0099523994,2023,Vintage Books,S6FR,English L2,FR,,
The Great Gatsby,F. Scott Fitzgerald,,2023,Penguin Modern Classics,S6FR,Advanced English L2,FR,978- 0141182636,
No book required,,,2023,\,,,,,
\,,,,,,,,,
,S6FR,Geography 4 period,FR,,,,,,
"\
\
Talent Max havo/vwo Jahr 2, Buch A/B + online",,978-94-020-55979,2023,\,,,,,
\,,,,,,,,,
Malmberg,S6FR,NiderlÃ¤ndisch,FR,,,,,,
BÃ¼cher werden  direkt an die SchÃ¼ler bekannt gegeben,,,2023,,S6FR,SWALS,FR,,
,,,2023,,S6FR,BYOD (Bring your own device),FR,,
"Affrescoitaliano. Corso dilingua di italiano per stranieri, B2 (volume)",M. Trifone â€“ A. Filippone â€“ A. Sgaglione,978-8800208499,2023,Mondadori Education Le monnier,S7DE,ITA L4 (NON FORMATA),DE,,
Wird vom Lehrer bekannt gegeben,,,2023,,S7DE,Politik/Soz,DE,,
"Texte, Themen und Strukturen -Fortsetzung",,978-3-06-043813-6,2023,Cornelsen,S7DE,DE L1 ,DE,,
Verena Kessler: Die Gespenster von Demmin,,978-3423627573,2023,,S7DE,DE L1 ,DE,,
Jakob Lenz: Die Soldaten,,978-1482600032,2023,,S7DE,DE L1 ,DE,,
,,978-3-19-001862-8,2023,Hueber,S7DE,,DE,,
,,978-3-19-011862-5,2023,Hueber,S7DE,,DE,,
,,978-3126669238,2023,Klett,S7DE,,DE,,
,,978-3-06-02148-2,2023,Cornelsen,S7DE,,DE,,
,,978-3407741028,2023,Gulliver Verlag,S7DE,,DE,,
Lengua y Literatura 2Â° Bto,,978-8414101810,2023,Santillana,S7DE,Spanisch L1,DE,,
Nuevo CompaÃ±eros 4 - Kursbuch,,978-84-17730-54-3,2023,SGEL,S7DE,Spanisch L3,DE,,
Objetivo DELE (B1),,978-31-911-45002,2023,SGEL,S7DE,Spanisch L3,DE,,
Mentira (Bibliothek),Care Santos,978-84-683-1577-5,2023,edebÃ©,S7DE,Spanisch L3,DE,,
Nuevo CompaÃ±eros 4 - Kursbuch,,978-84-17730-54-3,2023,SGEL,S7DE,Spanisch L4,DE,,
English File Upper Intermediate,Latham-KÃ¶nig,978-0194558747,2023,Oxford,S7DE,L3 English,DE,,
Foster (novel),Claire Keegan,978-0571255658,2023,,S7DE,L3 English,DE,,
bereits vorhanden,,,2023,,S7DE,Chemie,DE,,
LC Chemistry Live! Student Laboratory Notebook (same book as in S6),Declan Kennedy-Pat Walsch,978-1-78090-432-0,2023,Folens,S7DE,Chemistry Laboratory,DE,,
Wird vom Lehrer bekannt gegeben,,,2023,,S7DE,Mathematik-3stÃ¼ndig,DE,,
"Lambacher Schweizer Mathematik 10, Ausgabe Baden-WÃ¼rttemberg ab 2016 (schon vorhanden aus S5)",,978-3-12-735320-4,2023,Klett Verlag,S7DE,Mathematik-5stÃ¼ndig,DE,,
"Lambacher Schweizer Mathematik Kursstufe, Ausgabe Baden-WÃ¼rttemberg (schon vorhanden aus S6)",,978-3-12-735310-5,2023,Klett Verlag,S7DE,Mathematik-5stÃ¼ndig,DE,,
Die SchÃ¼ler benÃ¶tigen einen nicht grafischen und nicht programmierbaren wissenschaftlichen Taschenrechner. Bitte mit der Lehrkraft absprechen.,,,2023,,S7DE,Mathematik,DE,,
wird vom Lehrer bekannt gegeben,,,2023,,S7DE,Physik,DE,,
"Mastering Modern World History, 5th ed by Norman Lowe",,978-1137276940,2023,,S7DE,History 4 period,DE,,
GCSE Modern World History 2nd Edition by Ben Walsh,,978-0719577130,2023,,S7DE,History 2 period,DE,,
"Geschichte und Geschehen, Bd 9, Baden-WÃ¼rttemberg wird fortgefÃ¼hrt",,978-3-12-443240-7,2023,Klett Verlag,S7DE,"Geschichte, 2-stÃ¼ndig",DE,,
Economics Course Companion 2nd Edition,Blink & Dorton,978-019839000-8,2023,Oxford Press,S7DE,S7EN Economics 4 period,DE,,
Kolleg Ethik. neu,,978-3-661-22050-5,2023,Buchner Verlag ,S7DE,Philosophie 2-stÃ¼ndig,DE,,
Es werden diverse elektronische Bauteile benÃ¶tigt. Diese werden im Unterricht angeschafft. Pro Semester ist mit einem Betrag von bis zu 30â‚¬ zu rechnen.,,,2023,,S7DE,ICT,DE,,
Natura Oberstufe - Biologie fÃ¼r Gymnasien (bereits aus S6 vorhanden),,978-3-12-049131-6,2023,Ernst Klett Verlag,S7DE,Biologie 2h / 4h,DE,,
No book required,,,2023,,S7DE,S7EN Economics 2 period,DE,,
No book required,,,2023,,S7DE,S6EN Economics 2 period,DE,,
Economics: Course companion (IB) second addition,Jocelyn Blink & Ian Dorton ,ISBN 978-0-19 839000-8,2023,Oxford Uni Press,S7DE,S6&S7EN Economics 4 period,DE,,
Complete Economics for Cambridge IGCSE & O level 3rd addition,Dan Moynihan & Brian Titley,ISBN 10: 0198409702,2023,Oxford Uni Press,S7DE,S4&S5EN Economics 4 period,DE,,
kein Buch,,,2023,,S7DE,Economie (Deutsch) S4-S7,DE,,
"Tendances, mÃ©thode de FranÃ§ais C1 et C2","D.-N. Liakin, G. Michaud, F. Oliury",978-2-09-038537-3,2023,ClÃ© internationale,S7DE,Francais L2,DE,,
"Mensch und Politik, Sekundarstufe 2, B.-W. 11",Karin Herzig (Hrsg),978-3-14-118355-9,2023,Westermann,S7DE,7DFE Politik/Soz.,DE,,
Le Rapport de Brodeck,Philippe CLAUDEL,978-2253125723,2023,Livre de Poche,S7DE,FranÃ§ais L2 ,DE,,
GenÃ©ration B1 ,"M.-N. Cocton, P. Dauda",978-2278086351,2023,Didier,S7DE,Francais L3,DE,,
"Regarde les LumiÃ¨res, mon amour",Annie Ernaux,978-2080262301,2023,Etonnants classiques ,S7DE,Francais L3,DE,,
Affresco italiano. A1 (in possesso),"Trifone, Filippone, Sgaglione",9-788800-203319,2023,Le Monnier,S7DE,ITA L5,DE,,
Letteratura letterature. Guida storica (in possesso),G.Armellini/A. Colombo,978-8808338778,2023,Zanichelli,S7DE,ITA L1,DE,,
"G. Verga, Storia di una capinera (qualsiasi edizione)",,,2023,,S7DE,ITA L1,DE,,
"G. D'Annunzio, Il trionfo della morte (qualsiasi edizione)",,,2023,,S7DE,ITA L1 ,DE,,
"E. Flaiano, Tempo di uccidere (qualsiasi edizione)",,,2023,,S7DE,ITA L1 ,DE,,
No book required,,,2023,,S7DE,Geography 4 period,DE,,
kein Buch,,,2023,,S7DE,Geographie (Deutsch) 2 Std.,DE,,
TERRA Europa,,978-3-12-104703-1,2023,Klett,S7DE,Geographie (Deutsch) 4 Std.,DE,,
Set Text: The Importance of Being EarnestÂ ,Oscar WildeÂ ,Â 9780140436068Â ,2023,Penguin Classics,S7DE,English L2,DE,,
Supporting Text: Ten Short Stories,Roald Dahl,978-0140817799,2023,Penguin Student Edition,S7DE,English L2,DE,,
The Testaments,Margaret AtwoodÂ ,978-0385543781,2023,Nan A. Talese\, 1st edition,S7DE,English L2Advanced,DE,
Set Text: Top Girls (students already have a copy),Caryl Churchill,,2023,,S7DE,,DE,,
,,,2023,,S7DE,BYOD (Bring your own device),DE,,
wird von der Lehrerin bekannt gegeben,,,2023,,S7DE,Religion kath. ,DE,,
"Verlag: Malmberg, Talent Max havo/vwo Jahr 2, Buch A/B + online, ISBN: 978-94-020-55979",,,2023,,S7DE,NiederlÃ¤ndisch L1 S3,DE,,
Die SchÃ¼ler werden von den Lehrern versorgt oder die Titel werden von Lehrern bekannt gegeben,,,2023,,S7DE,SWALS,DE,,
Text to be confirmed,,,2023,,S7DE,Theatre English,DE,,
The Giver,Lois Lowry,978-0007263516,2023,HarperCollins,S7DE,English L3,DE,,
Economics Course Companion 2nd edition,Blink & Dorton,978-0-19-839000-8,2023,Oxford Uni Press,S7EN,S7EN Eco 4 period,EN,,
,,978-8800208499,2023,,S7EN,ITA L4 (NON FORMATA),EN,,
Wird vom Lehrer bekannt gegeben,,,2023,,S7EN,Politik/Soz,EN,,
Resources to be provided by the teacher,,,2023,,S7EN,Maths (3 Periods),EN,,
Resources to be provided by the teacher,,,2023,,S7EN,Maths (5 Periods),EN,,
Any calculator from the xl list in Teams which they have been using in S6,,,2023,,S7EN,Maths,EN,,
Aspekte Junior C1 Kursbuch (WeiterfÃ¼hrung),,978-3-12605258-0,2023,Klett,S7EN,DE L2,EN,,
Aspekte Junior C1 Ãœbungsbuch (WeiterfÃ¼hrung),,978-3-12-605259-7,2023,Klett,S7EN,DE L2,EN,,
Andre Kubiczek: Die Skizze eines Sommers,Andre Kubiczek,978-3499270840,2023,,S7EN,DE L2,EN,,
Grammatik Aktiv B2-C1 (WeiterfÃ¼hrung),,978-3-06-02148-2,2023,Cornelsen,S7EN,DE L2,EN,,
Daniel Glattauer: Gut gegen Nordwind,Daniel Glattauer,978-3-442465866,2023,,S7EN,DE L3,EN,,
Grammatik Alktiv B1+,,978-3060244706,2023,Cornelsen,S7EN,DE L3,EN,,
Physics for the IB Diploma,K.A. Tsokos,978-1-107-62819-9,2023,Cambridge University Press,S7EN,Physics,EN,,
Pearson Baccalaureate Chemistry Higher Level for the IB Diploma,Catrin Brown - Mike Ford,978-1447959755,2023,Pearson Education,S7EN,Chemistry ,EN,,
LC Chemistry Live! Student Laboratory Notebook* (same book as in S6),Declan Kennedy-Pat Walsch,978-1-78090-432-0,2023,Folens,S7EN,Chemistry Laboratory,EN,,
Lengua y Literatura 2Â° Bto,,978-8414101810,2023,Santillana,S7EN,Spanisch L1,EN,,
Nuevo CompaÃ±eros 4 - Kursbuch,,978-84-17730-54-3,2023,SGEL,S7EN,Spanisch L3,EN,,
Objetivo DELE (B1),,978-31-911-45002,2023,SGEL,S7EN, Spanisch L3,EN,,
Mentira (Biblioteca),Care Santos,978-84-683-1577-5,2023,edebÃ©,S7EN, Spanisch L3,EN,,
Nuevo CompaÃ±eros 4 - Kursbuch,,978-84-17730-54-3,2023,SGEL,S7EN,Spanisch L4,EN,,
BekendtgÃ¸res direkte af lÃ¦reren.,,,2023,,S7EN,"DAA L1, S2,4 & 6",EN,,
Advanced Biology,Michael Kent,978-0198392903,2023,Oxford University Press,S7EN,Biology (2 periods),EN,,
Biology: a global approach,N. Campbell,978-1292341637,2023,Pearson,S7EN,Biology (4 periods),EN,,
"Geschichte und Geschehen, Bd 9, Baden-WÃ¼rttemberg wird fortgefÃ¼hrt",,978-3-12-416510-7,2023,978-3-12-443240-7,S7EN,Geschichte,EN,,
,,,2023,,S7EN,Geographie,EN,,
GCSE Modern World History 2nd Edition by Ben Walsh,,978-0719577130,2023,,S7EN,History 2 period,EN,,
No book required,,,2023,,S7EN,Geography 4 period,EN,,
LC Chemistry Live! Student Laboratory Notebook,Declan Kennedy-Pat Walsch,978-1-7809-0432-0,2023,Folens,S7EN,Chemistry Laboratory,EN,,
"orders can be made through teacher, who will provide to place a bulk order to reduce shipping costs",,,2023,,S7EN,Chemistry Laboratory,EN,,
Theory of Knowledge for the IB Diploma Course Guide,,978-1108865982,2023,Cambridge University Press,S7EN,Philo 4 EN ,EN,,
Theory of Knowledge for the IB Diploma Course Guide,,978-1-857992915,2023,cambridge University Press978-1 108865982,S7EN,Philo 2EN,EN,,
Es werden diverse elektronische Bauteile benÃ¶tigt. Diese werden im Unterricht angeschafft. Pro Semester ist mit einem Betrag von bis zu 30â‚¬ zu rechnen.,,,2023,,S7EN,ICT,EN,,
"Tendances, mÃ©thode de FranÃ§ais C1 et C2","D.-N. Liakin, G. Michaud, F. Oliury",978-2-09-038537-3,2023,ClÃ© internationale,S7EN,FranÃ§ais L2 ,EN,,
Le Rapport de Brodeck,Philippe CLAUDEL,978-2253125723,2023,Livre de Poche,S7EN,FranÃ§ais L2 ,EN,,
"Mensch und Politik, Sekundarstufe II, B.-W. 11",Karin Herzig (Hrsg.),978-3-14-118355-9,2023,Westermann,S7EN,"Politik/Soz, 7DEF",EN,,
Regarde les lumiÃ¨res mon amour ,"Annie Ernaux, ",978-2080262301,2023,,S7EN,Francais L3,EN,,
,"De uanstÃ¦ndige af Leif Panduro, ISBN13: 9788702097719",,2023,,S7EN,Dansk L1 (Danish),EN,,
Affresco italiano. A1 (in possesso),"Trifone, Filippone, Sgaglione",9-788800-203319,2023,Le Monnier,S7EN,ITA L5,EN,,
Letteratura letterature. Guida storica (in possesso),G.Armellini/A. Colombo,978-8808338778,2023,Zanichelli,S7EN,ITA L1,EN,,
"G. Verga, Soria di una capinera (qualsiasi edizione)",,,2023,,S7EN,ITA L1,EN,,
"G. D'Annunzio, Il trionfo della morte (qualsiasi edizione)",,,2023,,S7EN,ITA L1,EN,,
"E. Flaiano, Tempo di uccidere (qualsiasi edizione)",,,2023,,S7EN,ITA L1,EN,,
No book required,,,2023,,S7EN,Ethics,EN,,
,,,2023,,S7EN,BYOD (Bring your own device),EN,,
Julius Caesar,William Shakespeare,978-1903436219,2023,The Arden Shakespeare,S7EN,English L1 ,EN,,
Great Expectations,Charles Dickens,978-0141198897,2023,Penguin English Library,S7EN,English L1 ,EN,,
Why be happy when you could be normal?,Jeanette Winterson,978-0802120878,2023,Grove Press,S7EN,English L1 ,EN,,
Text to be confirmed,,,2023,,S7EN,Theatre English,EN,,
Bibel,,,2023,,S7FR,S1-7 cath. Rel. ,FR,,
PAS DE LIVRE,,,2023,,S7FR,Biologie 2 pÃ©r.,FR,,
PAS DE LIVRE,,,2023,,S7FR,Biologie 4 pÃ©r.,FR,,
"Affrescoitaliano. Corso dilingua di italiano per stranieri, B2 (volume)",M. Trifone â€“ A. Filippone â€“ A. Sgaglione,978-8800208499,2023,,S7FR,ITA L4,FR,,
PAS DE LIVRE,,,2023,,S7FR,MATHS 3P,FR,,
PAS DE LIVRE ,,,2023,,S7FR,MATHS 5P,FR,,
Calculatrice Numworks,,,2023,,S7FR,MATHS 4P & 6P,FR,,
"Politik im Fokus, Kursstufe 2",,978-3-14-035966-5,2023,SchÃ¶ningh,S7FR,Politik/Soz.,FR,,
Aspekte Junior C1 Kursbuch (WeiterfÃ¼hrung),,978-3126052580,2023,Klett,S7FR,DE L2,FR,,
Aspekte Junior C1 Ãœbungsbuch (WeiterfÃ¼hrung),,978-3-126052597,2023,klett,S7FR,DE L2,FR,,
Skizze eines Sommers,AndrÃ© Kubiczek,978-3-499270840,2023,,S7FR,DE L2,FR,,
Grammatik Aktiv B2-C1 (WeiterfÃ¼hrung),,978-3-06-02148-2,2023,Cornelsen,S7FR,DE L2,FR,,
Daniel Glattauer: Gut gegen Nordwind,Daniel Glattauer,978-3-442465866,2023,,S7FR,DE L3,FR,,
Grammatik Aktiv B1+,,978-3060244706,2023,Cornelsen,S7FR,DE L3,FR,,
Nuevo CompaÃ±eros 4 - Kursbuch,,978-84-17730-54-3,2023,SGEL,S7FR,Spanisch L3,FR,,
Objetivo DELE (B1),,978-31-911-45002,2023,SGEL,S7FR,Spanisch L3,FR,,
Mentira (Bibliothek),Care Santos,978-84-683-1577-5,2023,edebÃ©,S7FR,Spanisch L3,FR,,
Nuevo CompaÃ±eros 4 - Kursbuch,,978-84-17730543,2023,SGEL,S7FR,Spanisch L4,FR,,
English File Upper Intermediate,Latham-KÃ¶nig,,2023,Oxford,S7FR,L3 English,FR,,
Blood Brothers (play),Willy Russell,978-0413767707,2023,Methuen Drama,S7FR,L3 English,FR,,
"Geschichte und Geschehen, Bd 9, Baden-WÃ¼rttemberg wird fortgefÃ¼hrt",,978-3-12-443240-7,2023,Klett,S7FR,Geschichte,FR,,
wird vom Lehrer bekannt gegeben,,,2023,,S7FR,Geographie,FR,,
"Mastering Modern World History, 5th ed by Norman Lowe",,978-1137276940,2023,,S7FR,History 4 period,FR,,
GCSE Modern World History 2nd Edition by Ben Walsh,,978-0719577130,2023,,S7FR,History 2 period,FR,,
Economics Course Companion 2nd Edition,Blink & Dorton,978-019839000-8,2023,Oxford press,S7FR,S7EN Economics 4 period,FR,,
Es werden diverse elektronische Bauteile benÃ¶tigt. Diese werden im Unterricht angeschafft. Pro Semester ist mit einem Betrag von bis zu 30â‚¬ zu rechnen.,,,2023,,S7FR,ICT,FR,,
Pas de livre ,,,2023,,S7FR,Physique,FR,,
Pas de livre ,,,2023,,S7FR,Chimie ,FR,,
LC Chemistry Live! Student Laboratory Notebook (same book as in S6),Declan Kennedy-Pat Walsch,978-1-78090-432-0,2023,Folens,S7FR,Chemistry Laboratory,FR,,
Oeuvres au programme,,,2023,,S7FR,FranÃ§ais L1,FR,,
 No book required,,,2023,,S7FR,S7EN Economics 2 period,FR,,
kein Buch,,,2023,,S7FR,Wirtschaft Deutsch S4-S7,FR,,
"Politik im Fokus,Kursstufe 2",Karin Herzig (Hrsg.),978-3-14-035966-5,2023,SchÃ¶ningh,S7FR,"Politik/Soz., 7DEF",FR,,
Affresco italiano. A1 (in possesso),"Trifone, Filippone, Sgaglione",9-788800-203319,2023,Le Monnier,S7FR,ITA L5,FR,,
Letteratura letterature. Guida storica (in possesso),G.Armellini/A. Colombo,978-8808338778,2023,Zanichelli,S7FR,ITA L1,FR,,
"G. Verga, Soria di una capinera (qualsiasi edizione)",,,2023,,S7FR,ITA L1,FR,,
"G. D'Annunzio, Il trionfo della morte (qualsiasi edizione)",,,2023,,S7FR,ITA L1,FR,,
"E. Flaiano, Tempo di uccidere (qualsiasi edizione)",,,2023,,S7FR,ITA L1,FR,,
No book required,,,2023,,S7FR,Geography 4 period,FR,,
Set Text: The Importance of Being EarnestÂ ,Oscar WildeÂ ,Â 9780140436068Â ,2023,Penguin Classics,S7FR,English L2,FR,,
Supporting Text: Ten Short Stories,Roald Dahl,978-0140817799,2023,Penguin Student Edition,S7FR,English L2,FR,,
The Testaments,Margaret AtwoodÂ ,978-0385543781,2023,Nan A. Talese\, 1st edition,S7FR,English L2Advanced,FR,
Set Text: Top Girls (students already have a copy),Caryl Churchill,,2023,,S7FR,,FR,,
,,,2023,,S7FR,BYOD (Bring your own device),FR,,
Text to be confirmed,,,2023,,S7FR,Theatre English,FR,,
The Giver,Lois Lowry,978-0007263516,2023,Harper Collins,S7FR,English L3,FR,,
